<experiment>
    <!-- LEARNING PROCESS -->
	<process algorithm-type="uco.kdis.dpd.algorithm.G3P4DPD">
	
		<!-- General config -->
		<rand-gen-factory type="net.sf.jclec.util.random.RanecuFactory"/>
		<population-size>100</population-size>
		<max-of-generations>150</max-of-generations>
		<max-deriv-size>25</max-deriv-size>
		<number-intervals>10</number-intervals>
		
		<!-- Dataset -->
		<dataset type="uco.kdis.dpd.util.dataset.DPDataset">
			<data>
		 		<file-name>data/observer.xml</file-name>
		 		<metrics-file>data/metrics.csv</metrics-file>
		 	</data>
		</dataset>
		
		<!-- Species -->
		<species type="uco.kdis.dpd.encoding.G3P4DPDSpecies">
			<grammar-file>grammars/grammar-full.xml</grammar-file>
		</species>
		
		<!-- Evaluator -->
		<evaluator type="uco.kdis.dpd.algorithm.Evaluator"/>
		
		<!-- Operators -->
		<provider type="net.sf.jclec.syntaxtree.SyntaxTreeCreator"/>
		<parents-selector type="net.sf.jclec.selector.TournamentSelector">
			<tournament-selector>2</tournament-selector>
		</parents-selector>
		<recombinator type="uco.kdis.dpd.algorithm.MyRecombinatorAR" rec-prob="0.8"/>
		<mutator type="uco.kdis.dpd.algorithm.MyMutatorAR" mut-prob="1.0"/>
		
		<!-- External population -->
		<external-population-size>15000</external-population-size>
		<threshold-support-external-population>0.01</threshold-support-external-population>
		<threshold-confidence-external-population>0.7</threshold-confidence-external-population>

	</process>
</experiment>
