classname,NOM,DIT,NOC,CBO,RFC,LCOM,Ca,NPM
org.acm.seguin.parser.ast.ASTMethodDeclarator,9,2,0,7,17,14,18,9
org.acm.seguin.refactor.method.AddMethodTransform,2,2,0,5,5,0,2,2
org.acm.seguin.pretty.sort.TopLevelOrdering,5,2,0,11,12,10,1,2
org.acm.seguin.uml.print.PrintingThread,2,2,0,12,13,0,1,2
org.acm.seguin.parser.query.PackageNameGetter,3,1,0,12,9,3,3,3
org.acm.seguin.refactor.type.AddAbstractParent,9,3,0,18,33,36,3,5
org.acm.seguin.parser.ast.ASTArrayInitializer,5,2,0,5,8,0,9,5
org.acm.seguin.ide.jbuilder.JPGFileAction,3,0,0,5,4,3,0,3
org.acm.seguin.uml.line.Vertex,17,1,0,9,30,42,5,11
org.acm.seguin.ide.jbuilder.TextStructureDelegate,24,0,1,16,25,276,1,24
org.acm.seguin.parser.ast.ASTInitializer,6,2,0,7,15,9,12,6
org.acm.seguin.refactor.type.MoveClassVisitor,9,3,0,21,35,0,1,1
org.acm.seguin.refactor.type.RenameClassVisitor,16,3,1,21,44,0,2,1
org.acm.seguin.parser.ast.ASTInterfaceDeclaration,24,2,0,17,61,0,13,24
org.acm.seguin.summary.query.Ancestor,2,1,0,6,7,1,5,2
org.acm.seguin.refactor.undo.UndoAction,6,1,0,11,28,7,4,4
org.acm.seguin.ide.common.IconPanel,4,5,0,7,10,0,2,4
org.acm.seguin.refactor.method.AddConstructor,13,2,0,28,66,36,1,2
org.acm.seguin.pretty.PrintSpecialCategoryComment,3,2,0,7,11,3,1,3
org.acm.seguin.ide.common.SingleDirClassDiagramReloader,5,2,0,5,9,0,2,5
org.acm.seguin.util.MissingSettingsException,3,4,2,4,4,0,22,1
org.acm.seguin.ide.common.action.RefactoringAction,7,3,14,7,14,9,14,2
org.acm.seguin.parser.ast.ASTType,5,2,0,5,8,8,25,5
org.acm.seguin.summary.query.GetPackageSummary,2,1,0,5,4,1,4,2
org.acm.seguin.ide.common.SummaryLoaderThread,4,2,0,9,11,0,3,3
org.acm.seguin.uml.MethodMetricsListener,2,3,0,8,5,0,1,2
org.acm.seguin.ide.command.PackageSelectorPanel$ButtonPanel,4,5,0,10,13,4,1,3
org.acm.seguin.util.InsertionSortArray,5,1,0,3,7,10,2,2
org.acm.seguin.parser.factory.NameFactory,2,1,0,5,8,1,4,1
org.acm.seguin.ide.common.ClassDiagramReloader,6,1,2,8,14,3,3,5
org.acm.seguin.parser.Node,10,1,0,3,10,45,73,10
org.acm.seguin.tools.stub.StubGenFromZip,4,1,0,13,22,0,1,2
org.acm.seguin.summary.query.MovingTypeList,3,2,0,5,5,3,1,1
org.acm.seguin.ide.jbuilder.UndoAction,7,2,0,9,17,0,0,7
org.acm.seguin.ide.common.action.GenericAction,1,2,3,4,2,0,3,1
org.acm.seguin.io.InplaceOutputStream,8,2,0,11,30,0,1,6
org.acm.seguin.tools.build.JavadocBuilder,5,2,0,16,31,8,0,2
org.acm.seguin.uml.print.UMLPagePrinter,5,2,0,11,26,0,3,5
org.acm.seguin.refactor.method.FindLocalVariableDeclVisitor,4,2,0,13,14,0,1,3
org.acm.seguin.ide.jbuilder.PrintAction,11,2,0,11,12,55,0,8
org.acm.seguin.parser.ast.ASTBreakStatement,6,2,0,7,15,3,9,6
org.acm.seguin.ant.CVSUtil,5,1,0,15,32,2,2,2
org.acm.seguin.refactor.type.ExtractInterfaceRefactoring,14,2,0,27,73,31,3,6
org.acm.seguin.ide.netbeans.NetBeansExtractMethodDialog,7,8,0,7,8,21,0,2
org.acm.seguin.parser.ast.ASTFormalParameter,6,2,0,7,15,9,17,6
org.acm.seguin.summary.MessageSendSummary,10,2,0,10,23,9,10,10
org.acm.seguin.refactor.RemoveImportTransform,5,2,0,10,17,0,4,4
org.acm.seguin.parser.ast.ASTBlock,3,2,0,5,6,3,13,3
org.acm.seguin.ide.cafe.CafePrettyPrinter,6,4,0,7,7,15,0,2
PrettyPrinter,7,2,0,16,41,19,0,4
org.acm.seguin.parser.ast.ASTConditionalOrExpression,3,2,0,5,6,3,10,3
org.acm.seguin.parser.factory.FileParserFactory,3,2,0,12,10,0,8,1
org.acm.seguin.uml.refactor.TypeCheckbox,3,7,0,9,16,0,3,2
org.acm.seguin.io.Saveable,1,1,0,3,1,0,4,1
org.acm.seguin.refactor.field.RenameFieldTransform,2,2,0,8,6,0,2,2
org.acm.seguin.uml.InterfaceIcon,2,2,0,6,6,1,3,2
org.acm.seguin.pretty.LineQueue,16,1,1,10,46,38,3,12
org.acm.seguin.summary.PrintVisitor,14,2,0,22,40,91,1,14
org.acm.seguin.refactor.Refactoring,9,1,9,21,31,34,26,4
org.acm.seguin.ide.common.UndoAdapter,2,1,1,10,13,1,3,2
org.acm.seguin.summary.ImportSummary,7,2,0,11,23,5,12,6
org.acm.seguin.parser.io.UCode_CharStream,26,2,0,12,39,57,1,21
org.acm.seguin.uml.refactor.RenameFieldListener,2,4,0,9,4,0,2,1
org.acm.seguin.summary.TraversalVisitor,15,1,8,18,46,105,8,15
org.acm.seguin.uml.refactor.ChildClassCheckboxPanel,2,5,0,11,13,0,3,2
org.acm.seguin.uml.refactor.VariableListCellRenderer,2,5,0,10,14,1,1,2
org.acm.seguin.ide.common.ClassListPanel,6,5,0,30,47,1,2,3
org.acm.seguin.summary.query.ImportsType,4,1,0,9,14,6,1,2
org.acm.seguin.parser.ast.ASTPackageDeclaration,7,2,0,10,13,9,18,7
org.acm.seguin.print.PrintingSettings,17,1,0,13,35,46,2,14
org.acm.seguin.pretty.FieldSize,11,1,0,4,16,0,4,11
org.acm.seguin.pretty.JavaDocableImpl,22,1,0,14,71,93,11,11
org.acm.seguin.parser.ast.ASTUnaryExpressionNotPlusMinus,6,2,0,7,15,3,10,6
org.acm.seguin.uml.refactor.MoveMethodListener,2,4,0,11,5,0,2,1
org.acm.seguin.pretty.JavaDocComponent,16,1,1,7,34,90,12,11
org.acm.seguin.refactor.method.ObjectReference,2,1,0,10,16,1,2,1
org.acm.seguin.tools.stub.StubGenTraversal,4,2,0,9,16,0,1,2
org.acm.seguin.summary.query.TopLevelDirectory,8,1,0,16,32,28,5,4
org.acm.seguin.uml.refactor.NoInputRefactoringListener,5,3,4,13,11,10,4,2
org.acm.seguin.ide.jbuilder.refactor.JBuilderRenameClassAction,1,5,0,5,2,0,0,1
org.acm.seguin.ide.common.action.CurrentSummary,24,1,1,20,56,204,12,8
org.acm.seguin.uml.ConvertAdapter,2,1,0,11,10,0,1,2
org.acm.seguin.pretty.PrettyPrintFile,9,1,1,18,26,24,5,7
org.acm.seguin.parser.ast.ASTInterfaceBody,3,2,0,5,6,3,15,3
org.acm.seguin.version.VersionControlCache,7,1,0,5,13,3,2,4
org.acm.seguin.version.UserDirectedVersionControl,5,1,0,7,11,10,1,5
org.acm.seguin.refactor.type.AbstractMethodFinder,10,1,0,9,24,15,1,2
org.acm.seguin.refactor.method.InvokeMovedMethodTransform,6,3,0,23,37,11,1,2
org.acm.seguin.parser.ast.ASTExplicitConstructorInvocation,5,2,0,6,9,8,11,5
org.acm.seguin.parser.ast.ASTConditionalExpression,3,2,0,5,6,3,10,3
org.acm.seguin.uml.refactor.ParameterRadioButton,2,7,0,6,10,0,1,2
org.acm.seguin.summary.load.SwingLoadStatus,4,6,0,17,33,0,1,4
org.acm.seguin.version.VersionControlFactory,4,1,0,8,10,0,1,1
org.acm.seguin.ide.cafe.CafeSetup,7,1,0,8,8,21,0,6
org.acm.seguin.ide.common.SourceBrowserAdapter,5,1,0,9,12,8,1,2
org.acm.seguin.pretty.JavadocDescriptionPrinter,11,1,0,7,30,0,1,3
org.acm.seguin.ide.elixir.ElixirClassDiagramLoader,3,1,0,3,6,1,0,2
org.acm.seguin.metrics.ProjectMetricsFrame,2,3,0,9,33,1,1,1
org.acm.seguin.parser.ast.ASTAssignmentOperator,6,2,0,7,15,13,11,6
org.acm.seguin.uml.refactor.NewPackageDialog,4,6,0,29,46,2,1,3
org.acm.seguin.ide.common.TextPrinter,5,1,2,8,15,10,2,1
org.acm.seguin.ide.jbuilder.RefactoringStructure,3,0,0,8,4,3,0,3
org.acm.seguin.print.xml.TagState,5,2,0,8,17,8,5,3
org.acm.seguin.refactor.field.RenameFieldData,19,1,0,10,28,115,4,17
org.acm.seguin.summary.FieldAccessSummary,13,2,0,16,32,24,10,11
org.acm.seguin.ide.elixir.UMLViewManager,12,1,0,12,13,66,1,11
org.acm.seguin.parser.ast.ASTVariableDeclarator,3,2,0,5,6,3,15,3
org.acm.seguin.ide.common.JumpToTypeAdapter,2,2,0,6,4,0,1,2
org.acm.seguin.awt.Question,4,1,0,5,6,0,2,3
org.acm.seguin.uml.UMLIcon,5,1,3,5,6,4,5,5
org.acm.seguin.tools.stub.StubFile,12,1,0,18,37,34,3,7
org.acm.seguin.ide.common.PackageListFilter,4,1,1,4,6,4,2,4
org.acm.seguin.uml.jpg.SaveAdapter,4,1,0,13,21,2,1,2
org.acm.seguin.parser.ast.ASTMethodDeclarationLookahead,3,2,0,5,6,3,9,3
org.acm.seguin.refactor.method.EMBuilder,10,1,0,27,55,15,1,7
org.acm.seguin.parser.ast.ASTAllocationExpression,3,2,0,5,6,3,11,3
org.acm.seguin.parser.ast.ASTPreDecrementExpression,3,2,0,5,6,3,9,3
org.acm.seguin.ide.jbuilder.NewClassDiagramAction,5,0,0,7,6,10,0,3
org.acm.seguin.parser.ast.ASTShiftExpression,6,2,0,9,14,3,11,6
org.acm.seguin.ide.jbuilder.refactor.JBuilderSelectedFileSet,7,2,0,7,8,21,0,4
org.acm.seguin.uml.refactor.DialogViewListener,3,3,10,7,6,3,10,2
org.acm.seguin.parser.ast.ASTPrimarySuffix,6,2,0,7,15,3,16,6
org.acm.seguin.awt.MoveItemAdapter,2,1,0,6,7,0,1,2
org.acm.seguin.ide.common.action.AddParentClassAction,5,4,1,11,11,10,1,3
org.acm.seguin.refactor.type.RenameParentVisitor,2,2,0,8,11,1,1,2
org.acm.seguin.uml.refactor.RenameFieldDialog,6,8,0,13,21,3,1,4
org.acm.seguin.ide.jbuilder.RefactoringAdapter,2,2,0,7,3,1,0,2
org.acm.seguin.pretty.LocalVariableLookAhead,6,1,0,12,23,0,1,4
org.acm.seguin.uml.UMLPackage,33,6,0,45,114,396,67,25
org.acm.seguin.metrics.MethodMetrics,12,1,0,3,13,36,4,8
org.acm.seguin.refactor.type.RenameParentTypeTransform,5,2,0,9,9,0,1,5
org.acm.seguin.parser.ast.ASTLiteral,6,2,0,7,15,3,10,6
org.acm.seguin.ide.jbuilder.refactor.JBuilderCurrentSummary,4,2,0,7,5,6,0,1
org.acm.seguin.ide.jbuilder.refactor.JBuilderMoveClassRefactoring,2,3,0,8,10,1,1,0
org.acm.seguin.uml.refactor.RemoveClassListener,2,4,0,10,6,0,2,1
org.acm.seguin.uml.line.Segment,13,1,0,5,23,0,1,12
org.acm.seguin.summary.FieldSummary,4,3,0,8,6,4,34,3
org.acm.seguin.parser.ast.ASTPrimaryExpression,3,2,0,5,6,3,18,3
org.acm.seguin.ide.elixir.version.ElixirContainsThread,7,2,0,8,8,21,0,3
org.acm.seguin.refactor.RefactoringFactory,20,1,1,20,39,88,18,17
org.acm.seguin.parser.ast.ASTUnaryExpression,6,2,0,7,15,3,10,6
org.acm.seguin.summary.load.FlashLoader,2,2,0,6,4,1,1,2
org.acm.seguin.ide.common.PackageSelectorArea,5,5,1,12,21,2,2,5
org.acm.seguin.pretty.sort.SameOrdering,2,2,0,3,3,1,1,1
org.acm.seguin.uml.line.SegmentedLine,36,1,3,19,80,0,7,16
org.acm.seguin.uml.ClassIcon,2,2,0,6,6,1,3,2
org.acm.seguin.parser.JavaParserTokenManager,42,1,0,10,63,205,1,6
org.acm.seguin.ide.jbuilder.ProjectViewRefactorings,2,1,0,8,3,1,0,2
org.acm.seguin.parser.ast.ASTForUpdate,3,2,0,5,6,3,9,3
org.acm.seguin.version.VersionControl,4,1,0,3,4,6,7,4
org.acm.seguin.metrics.LineCounter,5,1,0,12,18,4,1,4
org.acm.seguin.uml.refactor.PushDownMethodDialog,2,8,0,14,18,0,1,1
org.acm.seguin.refactor.method.AddConcreteMethod,4,3,0,6,8,6,2,2
org.acm.seguin.uml.UMLLine,34,7,3,21,84,445,8,27
org.acm.seguin.parser.ast.ASTThrowStatement,3,2,0,5,6,3,9,3
org.acm.seguin.ide.common.action.SelectedFileSet,6,1,2,9,18,15,17,4
org.acm.seguin.summary.load.LoadStatus,3,1,0,3,3,3,6,3
org.acm.seguin.summary.SummaryLoaderState,8,1,0,8,15,0,3,8
org.acm.seguin.pretty.ai.RequiredTags,6,1,0,12,23,11,7,2
org.acm.seguin.refactor.method.AddAbstractMethod,4,3,0,7,11,6,2,2
org.acm.seguin.parser.ast.ASTStatementExpressionList,3,2,0,5,6,3,9,3
org.acm.seguin.uml.refactor.PushUpFieldListener,2,4,0,13,9,0,2,1
org.acm.seguin.refactor.method.PushUpMethodRefactoring,6,4,1,17,31,9,4,3
org.acm.seguin.tools.international.StringListTraversal,4,2,0,13,20,6,0,2
org.acm.seguin.parser.ChildrenVisitor,87,1,11,89,174,3741,11,87
org.acm.seguin.ide.common.SourceBrowser,6,1,4,4,8,9,7,5
org.acm.seguin.ide.common.KeyPanel,3,5,0,21,26,3,1,2
org.acm.seguin.refactor.type.State,3,1,0,3,4,0,1,3
org.acm.seguin.summary.ParameterSummary,2,3,0,7,4,1,28,2
org.acm.seguin.metrics.CommaDelimitedReport,22,2,0,8,41,231,1,2
org.acm.seguin.uml.loader.Reloader,1,1,0,2,1,0,4,1
org.acm.seguin.ide.common.PackageSelectorDialog$ButtonPanel,5,5,0,10,13,0,1,4
org.acm.seguin.summary.SummaryVisitor,13,1,0,14,13,78,22,13
org.acm.seguin.parser.ast.ASTIfStatement,3,2,0,5,6,3,9,3
org.acm.seguin.ide.common.PackageSelectorDialog,4,6,0,19,23,2,1,4
org.acm.seguin.refactor.method.InheretenceMethodRefactoring,5,3,2,22,28,0,2,1
org.acm.seguin.summary.query.MethodQuery,5,1,0,9,17,10,1,4
org.acm.seguin.ide.common.MultipleDirClassDiagramReloader,6,2,1,9,21,0,6,6
org.acm.seguin.refactor.type.TypeChangeVisitor,26,2,3,31,77,319,3,13
org.acm.seguin.refactor.EliminatePackageImportVisitor,14,3,0,17,34,43,1,3
org.acm.seguin.parser.ast.ASTInstanceOfExpression,3,2,0,5,6,3,10,3
org.acm.seguin.io.FileCopy,6,2,0,15,23,0,2,4
org.acm.seguin.ide.common.UMLIcon,5,1,0,6,10,10,0,4
org.acm.seguin.uml.PopupMenuListener,4,2,6,9,7,0,7,4
org.acm.seguin.pretty.line.LineNumberingData,3,2,0,7,6,3,1,2
org.acm.seguin.io.ExtensionFileFilter,5,2,0,7,9,2,3,5
org.acm.seguin.parser.ast.ASTConditionalAndExpression,3,2,0,5,6,3,10,3
org.acm.seguin.refactor.method.EMParameterFinder,16,1,0,21,47,92,1,7
org.acm.seguin.parser.TokenMgrError,6,3,0,7,22,15,1,4
org.acm.seguin.uml.SaveMenuSelection,2,1,0,8,5,0,1,2
org.acm.seguin.parser.ast.ASTCastLookahead,3,2,0,5,6,3,9,3
org.acm.seguin.parser.ast.ASTExpression,3,2,0,5,6,3,16,3
org.acm.seguin.ide.elixir.ElixirTextPrinter,3,2,0,5,5,3,0,3
org.acm.seguin.parser.factory.BufferParserFactory,3,2,0,6,6,1,3,1
org.acm.seguin.metrics.MetricsTableCellRenderer,2,1,0,10,9,0,1,1
org.acm.seguin.refactor.undo.UndoCleaner,4,2,0,9,14,6,0,2
org.acm.seguin.ide.jbuilder.ModifyKeyBinding,3,1,0,7,5,3,0,2
org.acm.seguin.summary.load.SilentLoadStatus,4,1,0,4,5,6,1,4
org.acm.seguin.refactor.type.TypeRefactoringFactory,7,1,0,8,14,21,1,7
org.acm.seguin.ide.netbeans.NetBeansPrettyPrinter,7,4,0,13,21,1,0,1
org.acm.seguin.parser.ast.ASTFormalParameters,3,2,0,5,6,3,18,3
org.acm.seguin.parser.ast.ASTFieldDeclaration,25,2,0,18,64,0,18,25
org.acm.seguin.parser.ast.ASTPrimitiveType,6,2,0,7,15,13,18,6
org.acm.seguin.parser.ast.ASTClassBody,4,2,0,8,9,6,16,4
org.acm.seguin.pretty.NamedJavaDocComponent,4,2,0,5,17,0,2,4
org.acm.seguin.refactor.type.RemoveEmptyClassRefactoring,8,2,1,17,38,8,5,4
org.acm.seguin.ide.jbuilder.AboutAction,3,0,0,5,4,3,0,3
org.acm.seguin.refactor.method.NearMissVisitor,4,2,0,7,10,0,1,4
org.acm.seguin.ide.common.action.PushDownFieldAction,4,4,0,15,12,6,0,3
org.acm.seguin.summary.TypeDeclSummary,18,2,0,14,38,21,41,18
org.acm.seguin.ide.common.NoSourceBrowser,3,2,0,4,4,3,1,3
org.acm.seguin.summary.query.ChildClassSearcher,3,2,0,8,11,3,1,3
org.acm.seguin.summary.FrameworkFileSummaryLoader,7,2,0,25,41,13,1,3
org.acm.seguin.print.xml.AttributeValueState,5,2,0,8,17,8,1,3
org.acm.seguin.parser.ast.ASTRelationalExpression,6,2,0,9,14,3,11,6
org.acm.seguin.summary.load.RapidLoader,3,1,0,18,20,3,1,3
org.acm.seguin.refactor.method.RenameParameterRefactoring,8,2,0,14,25,0,3,5
org.acm.seguin.tools.build.JarDirectoryBuilder,4,2,0,15,26,4,0,2
org.acm.seguin.parser.ast.ASTSwitchLabel,3,2,0,5,6,3,9,3
org.acm.seguin.refactor.method.MoveMethodRefactoring,15,3,0,32,68,19,3,4
org.acm.seguin.uml.refactor.SignatureUpdateAdapter,11,1,0,13,13,0,1,11
org.acm.seguin.parser.JavaParser,521,1,0,109,755,0,87,97
org.acm.seguin.ide.jbuilder.UMLNodeViewerFactory,6,1,0,10,7,15,0,5
org.acm.seguin.parser.build.BuildExpression,2,1,0,23,40,1,4,2
org.acm.seguin.ide.jbuilder.refactor.JBuilderMoveClassAction,1,5,0,5,2,0,0,1
org.acm.seguin.ide.common.PackageNameLoader,3,1,0,8,12,3,0,2
org.acm.seguin.ide.command.UMLFrame,3,6,0,17,26,0,1,2
org.acm.seguin.parser.ast.ASTForInit,3,2,0,5,6,3,9,3
org.acm.seguin.refactor.field.RemoveFieldFromSubclassVisitor,4,2,0,15,20,0,1,4
org.acm.seguin.util.Comparator,1,1,0,2,1,0,7,1
org.acm.seguin.parser.ast.ASTCastExpression,3,2,0,5,6,3,9,3
org.acm.seguin.print.text.LinePrinter,5,1,3,8,13,4,6,5
org.acm.seguin.ide.common.action.PrettyPrinterAction,3,3,0,9,12,3,0,3
org.acm.seguin.uml.PackageSummaryListModel,5,2,0,8,14,0,1,4
org.acm.seguin.uml.UMLType,41,7,0,42,148,704,12,34
org.acm.seguin.print.PagePrinter,11,1,2,19,42,9,2,7
org.acm.seguin.parser.ast.ASTContinueStatement,6,2,0,7,15,3,9,6
org.acm.seguin.metrics.PackageMetrics,26,1,0,4,36,95,4,23
org.acm.seguin.uml.line.ScalablePanel,22,5,2,8,41,41,2,16
org.acm.seguin.summary.Summary,9,1,9,6,12,8,83,7
org.acm.seguin.parser.ast.ASTSwitchStatement,3,2,0,5,6,3,10,3
org.acm.seguin.ide.common.action.MoveClassAction,5,4,1,10,11,10,1,3
org.acm.seguin.util.BackupTraversal,9,2,0,10,36,24,0,2
org.acm.seguin.uml.line.TextInfo,1,1,0,2,2,0,2,0
org.acm.seguin.refactor.method.PushUpAbstractMethodRefactoring,4,5,0,17,22,6,3,2
org.acm.seguin.uml.UMLMethod,14,8,0,18,36,85,3,14
org.acm.seguin.ide.jbuilder.refactor.JBuilderRemoveClassAction,1,5,0,5,2,0,0,1
org.acm.seguin.uml.refactor.AddChildClassDialog,5,8,0,16,22,8,1,4
org.acm.seguin.summary.MethodSummary,33,2,0,11,55,428,64,24
org.acm.seguin.ide.command.PackageSelectorPanel,15,6,0,34,58,85,3,7
org.acm.seguin.ide.jbuilder.JBuilderBrowser,6,2,0,7,8,15,0,3
org.acm.seguin.version.SourceSafe,18,1,0,21,47,133,0,6
RenameType,5,1,0,11,22,8,0,4
org.acm.seguin.ide.jbuilder.JBuilderClassDiagramLoader,2,3,0,5,4,1,0,2
org.acm.seguin.ide.common.DividedSummaryPanel,4,1,0,17,24,4,1,3
org.acm.seguin.ide.command.CommandLineSourceBrowser,3,2,0,14,20,0,1,3
org.acm.seguin.ide.common.ExitOnCloseAdapter,2,2,0,5,4,1,3,2
org.acm.seguin.awt.ExceptionDialog,8,6,0,26,56,28,1,5
org.acm.seguin.refactor.field.FieldRefactoring,9,2,3,15,22,36,3,4
org.acm.seguin.ide.common.action.RenameClassAction,5,4,1,11,11,10,1,3
org.acm.seguin.ide.jbuilder.refactor.FileCloser,2,1,0,5,3,1,3,2
org.acm.seguin.uml.PackageLoader,23,2,0,37,86,125,1,5
org.acm.seguin.parser.ast.ASTArgumentList,3,2,0,5,6,3,13,3
org.acm.seguin.pretty.PrintSpecialJavadocComment,5,2,0,14,30,10,1,3
org.acm.seguin.print.text.LineSet,5,1,0,5,17,0,5,3
org.acm.seguin.parser.ast.ASTBooleanLiteral,6,2,0,7,15,13,9,6
org.acm.seguin.parser.ast.ASTInclusiveOrExpression,3,2,0,5,6,3,10,3
org.acm.seguin.ide.common.RefreshDiagramThread,2,2,0,5,3,1,0,1
org.acm.seguin.ide.elixir.UMLLeaf,22,1,0,15,23,231,1,21
org.acm.seguin.ide.common.action.GenericExtractMethod,4,8,0,7,10,6,1,1
org.acm.seguin.summary.load.RapidLoader$SaveThread,2,2,0,16,14,1,1,2
org.acm.seguin.refactor.ComplexTransform,9,1,0,16,30,6,27,7
org.acm.seguin.summary.query.FileSummaryGetter,4,1,0,7,12,6,1,3
org.acm.seguin.ide.common.action.GenericPrettyPrinter,5,4,0,5,11,10,1,1
org.acm.seguin.uml.SelectedSummaryList,3,1,0,5,7,3,1,2
org.acm.seguin.ide.command.ExitMenuSelection,4,2,0,12,9,6,2,3
org.acm.seguin.ide.netbeans.ExtractMethodAction,9,0,0,7,10,36,0,3
org.acm.seguin.pretty.ForceJavadocComments,6,1,0,7,17,15,7,2
org.acm.seguin.io.DirectoryTreeTraversal,8,1,11,4,14,26,11,2
org.acm.seguin.parser.factory.StdInParserFactory,3,2,0,6,4,3,1,1
org.acm.seguin.ide.jbuilder.refactor.JBuilderAddParentClassAction,1,5,0,5,2,0,0,1
org.acm.seguin.util.NoSettingsFileException,2,5,0,5,8,1,1,2
org.acm.seguin.print.text.NumberedLinePrinter,2,2,0,8,9,1,1,2
org.acm.seguin.parser.JavaParserVisitor,86,1,0,87,86,3655,106,86
org.acm.seguin.ide.jbuilder.ReloadAction,3,0,0,5,4,3,0,3
org.acm.seguin.ide.common.action.RenameFieldAction,4,4,0,15,12,6,0,3
org.acm.seguin.parser.ast.ASTClassDeclaration,24,2,0,17,61,0,15,24
org.acm.seguin.parser.ast.ASTTryStatement,3,2,0,5,6,3,9,3
org.acm.seguin.parser.ast.ASTAndExpression,3,2,0,5,6,3,10,3
org.acm.seguin.pretty.PrintSpecialNewline,3,2,0,6,9,3,1,3
org.acm.seguin.uml.UMLMouseAdapter,2,2,0,10,12,0,5,2
org.acm.seguin.print.xml.AttributeState,5,2,0,10,18,8,3,3
org.acm.seguin.summary.query.SearchData,4,1,0,5,8,0,1,0
org.acm.seguin.uml.refactor.RefactoringDialog,8,6,4,16,20,16,4,3
org.acm.seguin.summary.query.GetMethodSummary,6,1,0,14,24,15,1,4
org.acm.seguin.refactor.type.CreateNewInterface,11,1,0,23,44,29,1,2
Refactory,4,1,0,15,21,6,0,4
org.acm.seguin.ide.elixir.UndoMenuItem,2,1,0,4,5,1,0,2
org.acm.seguin.parser.ast.ASTPostfixExpression,6,2,0,7,15,3,10,6
org.acm.seguin.pretty.FieldSizeLookAhead,9,1,0,12,29,16,1,4
org.acm.seguin.pretty.line.NumberedLineQueue,2,2,0,6,11,1,1,0
org.acm.seguin.util.TextFormatter,2,1,0,5,11,1,4,2
org.acm.seguin.refactor.field.AddFieldTransform,2,2,0,5,5,0,2,2
org.acm.seguin.ide.common.action.RenameParameterAction,4,4,0,12,13,6,0,3
org.acm.seguin.parser.ast.ASTNestedInterfaceDeclaration,24,2,0,17,61,0,15,24
org.acm.seguin.uml.line.LinedPanel,15,5,1,10,34,3,7,13
org.acm.seguin.tools.install.RefactoryInstaller,10,1,0,25,60,43,11,3
org.acm.seguin.ide.elixir.ZoomDiagram,8,1,0,7,13,28,0,5
org.acm.seguin.parser.JavaParserTreeConstants,1,1,0,3,1,0,2,0
org.acm.seguin.uml.refactor.AddChildClassListener,2,4,0,9,4,0,2,1
org.acm.seguin.uml.ProjectMetricsListener,2,3,0,7,5,1,1,2
org.acm.seguin.refactor.method.IdentifyMethodVisitor,5,2,3,18,24,0,3,1
org.acm.seguin.uml.refactor.ExtractInterfaceDialog,5,8,0,17,26,8,1,4
org.acm.seguin.awt.CenterDialog,4,1,0,11,15,6,11,3
org.acm.seguin.parser.ParseException,5,3,0,9,22,0,2,4
org.acm.seguin.uml.refactor.ExtractMethodDialog,12,7,4,43,85,50,5,5
org.acm.seguin.uml.line.EndPointPanel,19,6,2,7,37,171,11,19
org.acm.seguin.refactor.field.RemoveFieldVisitor,12,2,0,15,29,52,1,6
org.acm.seguin.uml.refactor.ChildrenCheckboxDialog,1,7,2,15,11,0,2,1
org.acm.seguin.pretty.PrintSpecialDefault,3,2,0,9,9,3,1,3
org.acm.seguin.pretty.PrintSpecialSingleLineComment,3,2,0,8,13,3,1,3
org.acm.seguin.ide.jbuilder.JBuilderAction,3,0,5,5,4,3,5,3
org.acm.seguin.summary.query.SamePackage,5,1,0,8,12,10,2,4
org.acm.seguin.parser.ast.ASTDoStatement,3,2,0,5,6,3,9,3
org.acm.seguin.refactor.method.MethodRefactoringFactory,7,1,0,8,14,21,1,7
org.acm.seguin.ide.jbuilder.RefactoringBrowser,2,0,0,5,3,1,0,2
org.acm.seguin.uml.jpg.Save,2,1,0,15,17,0,1,2
org.acm.seguin.ide.elixir.RefactoryExtension,7,2,0,7,8,21,0,7
org.acm.seguin.summary.query.StayingTypeList,3,2,0,5,5,3,1,1
org.acm.seguin.parser.JavaParser$JJCalls,1,1,0,3,2,0,1,0
org.acm.seguin.refactor.type.CreateClass,23,1,0,35,77,151,2,7
org.acm.seguin.ide.jbuilder.refactor.JBuilderRefactoringFactory,6,2,0,11,12,15,0,4
org.acm.seguin.awt.OrderableList,5,5,0,18,33,0,1,5
org.acm.seguin.summary.query.LookupVariable,5,1,0,14,20,10,1,4
org.acm.seguin.parser.ast.ASTNestedClassDeclaration,24,2,0,17,61,0,15,24
org.acm.seguin.ide.jbuilder.refactor.JBuilderExtractInterfaceAction,1,5,0,5,2,0,0,1
org.acm.seguin.metrics.ProjectMetrics,22,1,0,3,33,33,7,21
org.acm.seguin.pretty.JavaDocable,4,1,0,4,4,6,10,4
org.acm.seguin.summary.query.GetTypeSummary,9,1,0,11,28,36,32,7
Metrics,2,1,0,15,17,1,0,2
org.acm.seguin.ide.common.action.PushDownMethodAction,4,4,0,15,12,6,0,3
org.acm.seguin.refactor.method.RenameParameterVisitor,6,3,0,20,29,15,1,6
org.acm.seguin.pretty.PrintSpecial,3,1,6,4,4,3,7,3
org.acm.seguin.uml.refactor.AddRenameClassListener,2,4,0,9,4,0,2,1
org.acm.seguin.summary.TypeSummary,30,2,0,13,50,343,117,17
org.acm.seguin.parser.query.Found,3,1,0,3,4,0,2,3
org.acm.seguin.refactor.type.RenameClassRefactoring,9,2,1,23,36,4,6,5
org.acm.seguin.refactor.method.ExtractMethodRefactoring,32,2,0,42,119,328,3,15
org.acm.seguin.uml.refactor.ParameterPanel,2,5,0,14,18,0,1,2
org.acm.seguin.refactor.method.MoveMethodVisitor,16,2,0,30,74,100,1,6
org.acm.seguin.uml.refactor.RenameParameterListener,3,4,0,10,6,0,2,2
org.acm.seguin.ant.CVSUtil$CVSEntry,11,1,0,14,38,23,1,9
org.acm.seguin.ide.jbuilder.refactor.MenuBuilder,5,1,0,5,7,10,0,4
org.acm.seguin.refactor.field.AddFieldVisitor,3,2,0,7,8,0,1,3
org.acm.seguin.pretty.ModifierHolder,29,1,0,5,35,0,40,27
org.acm.seguin.parser.io.ASCII_CharStream,24,2,0,12,37,0,1,21
org.acm.seguin.pretty.SpecialTokenData,14,1,0,5,16,37,9,14
org.acm.seguin.ide.common.action.PushUpMethodAction,4,4,0,15,12,6,0,3
org.acm.seguin.tools.international.StringListVisitor,3,2,0,13,18,3,1,3
org.acm.seguin.ide.cafe.CafeExtractMethod,5,8,0,8,6,10,0,2
org.acm.seguin.uml.refactor.PushUpAbstractMethodListener,2,4,0,10,6,0,2,1
org.acm.seguin.ide.elixir.version.CheckInListener,2,1,0,7,6,0,0,2
org.acm.seguin.uml.loader.ReloaderSingleton,4,1,0,3,6,4,7,2
org.acm.seguin.pretty.sort.SetterGetterOrder,4,2,0,9,15,4,1,1
org.acm.seguin.parser.JJTJavaParserState,12,1,0,5,25,0,1,0
org.acm.seguin.parser.ast.ASTNameList,3,2,0,5,6,3,16,3
org.acm.seguin.uml.line.ImplementsRelationship,5,2,0,11,20,0,1,3
org.acm.seguin.uml.refactor.PushDownFieldDialog,2,8,0,13,18,0,1,1
org.acm.seguin.refactor.type.AddChildRefactoring,9,3,0,14,26,30,3,6
org.acm.seguin.summary.SummaryTraversal,10,2,0,23,48,27,9,6
org.acm.seguin.refactor.method.AddMethodTypeVisitor,5,2,0,14,19,4,4,4
org.acm.seguin.parser.ast.ASTAdditiveExpression,6,2,0,9,14,3,11,6
org.acm.seguin.uml.line.AssociationRelationship,7,2,0,13,30,1,4,5
org.acm.seguin.uml.UMLField,19,8,0,26,54,131,7,18
org.acm.seguin.refactor.method.RemoveMethodFromSubclassVisitor,4,2,0,15,25,0,1,4
org.acm.seguin.ide.jbuilder.refactor.JBuilderRenameClassRefactoring,2,3,0,6,7,1,1,0
org.acm.seguin.parser.ast.ASTImportDeclaration,5,2,0,5,8,8,16,5
org.acm.seguin.parser.ast.ASTBlockStatement,3,2,0,5,6,3,16,3
org.acm.seguin.uml.line.DragPanelAdapter,8,1,0,9,21,10,6,8
org.acm.seguin.pretty.ai.MethodAnalyzer,21,1,0,19,57,160,1,2
org.acm.seguin.refactor.method.EMDigger,3,1,0,5,9,3,1,0
org.acm.seguin.parser.ast.ASTInterfaceMemberDeclaration,3,2,0,5,6,3,13,3
org.acm.seguin.refactor.type.AddImplementedInterfaceVisitor,2,2,0,7,11,1,1,2
org.acm.seguin.refactor.field.RenameFieldRefactoring,10,3,0,19,39,29,3,7
org.acm.seguin.summary.query.TypeList,6,1,2,8,15,15,2,3
org.acm.seguin.pretty.PrintSpecialMultiLineComment,6,2,0,11,26,15,1,3
org.acm.seguin.print.text.TextPagePrinter,6,2,0,10,25,0,1,5
org.acm.seguin.uml.refactor.PushDownMethodListener,2,4,0,11,5,0,2,1
org.acm.seguin.pretty.sort.StaticOrder,2,2,0,14,13,0,1,1
org.acm.seguin.refactor.method.PushDownMethodRefactoring,8,4,0,19,34,6,3,4
org.acm.seguin.metrics.PackageMetricsFrame,2,3,0,11,35,0,1,1
org.acm.seguin.summary.query.FieldQuery,5,1,0,9,17,10,4,4
org.acm.seguin.refactor.method.RemoveMethodVisitor,8,3,0,10,15,22,1,6
org.acm.seguin.refactor.method.MethodRefactoring,2,2,2,10,7,1,2,0
org.acm.seguin.parser.JavaParserConstants,1,1,0,3,1,0,2,0
org.acm.seguin.uml.UMLPopupMenu,10,1,0,44,56,0,1,2
org.acm.seguin.ide.common.action.PushUpAbstractMethodAction,4,4,0,15,12,6,0,3
org.acm.seguin.tools.stub.StubPrompter,3,6,0,23,42,1,1,3
org.acm.seguin.print.xml.QuoteAttributeValueState,5,2,0,8,17,8,1,3
org.acm.seguin.summary.FrameworkLoader,2,1,2,2,3,1,4,2
org.acm.seguin.refactor.method.AddMethodVisitor,3,2,0,7,8,0,1,3
org.acm.seguin.ide.jbuilder.JBuilderEditorOperations,9,2,0,7,10,36,0,9
org.acm.seguin.parser.ast.ASTStatement,3,2,0,5,6,3,13,3
org.acm.seguin.refactor.method.RenameParameterTransform,10,2,0,9,13,15,2,10
org.acm.seguin.ide.elixir.version.CheckOutListener,2,1,0,7,6,0,0,2
org.acm.seguin.summary.LineCountVisitor,96,1,1,96,297,4548,1,87
org.acm.seguin.parser.ast.SimpleNode,23,1,85,15,44,169,152,22
org.acm.seguin.ide.netbeans.PrettyPrinterAction,10,0,0,9,11,45,0,4
org.acm.seguin.refactor.type.AddClassRefactoring,11,2,2,10,19,47,2,1
org.acm.seguin.pretty.JavadocTokenizer,8,1,0,6,19,0,4,4
org.acm.seguin.util.Settings,4,1,0,3,4,6,3,4
org.acm.seguin.parser.ast.ASTUnmodifiedInterfaceDeclaration,6,2,0,7,15,13,18,6
org.acm.seguin.refactor.type.RemoveSamePackageTransform,4,2,0,8,13,6,1,2
org.acm.seguin.metrics.Summarize,4,1,0,11,19,4,0,3
org.acm.seguin.ide.common.action.PushUpFieldAction,4,4,0,15,12,6,0,3
org.acm.seguin.tools.build.CodeStoreBuilder,4,2,0,15,26,4,0,2
org.acm.seguin.parser.query.CompareParseTreeVisitor,88,1,1,95,95,3828,1,87
org.acm.seguin.uml.line.SizableLabel,28,6,0,22,72,288,4,22
org.acm.seguin.ide.common.action.RemoveClassAction,5,4,1,11,11,10,1,3
org.acm.seguin.ide.elixir.version.ElixirVersionControl,9,1,0,8,10,36,4,8
org.acm.seguin.uml.UMLNestedType,14,8,0,21,37,85,2,14
org.acm.seguin.uml.line.InheretenceRelationship,3,2,0,7,13,3,1,2
org.acm.seguin.metrics.MetricsFrame,6,2,4,14,18,9,4,4
org.acm.seguin.ide.common.action.MoveMethodAction,4,4,0,14,11,6,0,3
org.acm.seguin.parser.ast.ASTResultType,3,2,0,5,6,3,14,3
org.acm.seguin.ant.Pretty,6,3,0,11,14,7,0,5
org.acm.seguin.uml.refactor.AddMoveClassListener,2,4,0,8,4,0,2,1
org.acm.seguin.util.FileSettings,24,1,0,27,71,174,34,13
org.acm.seguin.uml.line.LineMouseAdapter,8,1,0,7,13,16,1,8
org.acm.seguin.print.text.PropertyLinePrinter,4,2,0,11,22,0,1,4
org.acm.seguin.parser.ast.ASTName,15,2,0,12,37,49,52,15
org.acm.seguin.refactor.undo.UndoStack,12,1,0,21,38,0,4,9
org.acm.seguin.refactor.type.RenameTypeVisitor,11,2,0,21,59,55,1,8
org.acm.seguin.refactor.method.AddNewMethod,13,2,3,26,62,48,3,2
org.acm.seguin.print.xml.TextState,5,2,0,7,16,8,2,3
org.acm.seguin.pretty.PrettyPrintFromIDE,8,3,4,12,21,26,4,2
org.acm.seguin.refactor.type.AddImplementedInterfaceTransform,2,2,0,7,5,0,1,2
org.acm.seguin.parser.ast.ASTWhileStatement,3,2,0,5,6,3,9,3
org.acm.seguin.ide.elixir.UMLDocManager,9,1,0,9,10,36,3,9
org.acm.seguin.ide.jbuilder.UMLNodeViewer,7,0,0,9,8,21,0,7
org.acm.seguin.ide.elixir.version.ElixirVersionControlThread,5,2,0,6,10,6,0,2
org.acm.seguin.uml.line.LabelSizeComputation,5,1,0,9,15,6,2,3
org.acm.seguin.util.SettingNotFoundException,2,5,0,5,8,0,2,2
org.acm.seguin.refactor.type.MoveClass,8,2,1,18,36,0,6,5
org.acm.seguin.summary.FileSummary,29,2,0,30,74,274,53,16
org.acm.seguin.ide.elixir.UMLLeaf$OpenFileAdapter,2,1,0,7,3,1,0,2
org.acm.seguin.parser.Token,3,1,0,3,4,3,17,3
org.acm.seguin.refactor.method.ChangeMethodScopeTransform,2,2,0,7,5,0,1,1
org.acm.seguin.metrics.MetricsReport,23,1,2,6,38,253,8,4
org.acm.seguin.uml.print.PrintAdapter,2,1,0,7,5,0,1,2
org.acm.seguin.pretty.sort.Ordering,3,1,7,3,4,3,8,2
org.acm.seguin.parser.ast.ASTConstructorDeclaration,26,2,0,22,73,0,19,26
org.acm.seguin.uml.refactor.RenameClassDialog,6,8,0,15,26,3,1,4
org.acm.seguin.parser.ast.ASTExclusiveOrExpression,3,2,0,5,6,3,10,3
org.acm.seguin.summary.load.TextLoadStatus,4,1,0,7,13,0,2,4
LineNumberTool,7,1,0,21,34,3,0,2
org.acm.seguin.parser.query.Search,5,1,0,13,20,4,1,2
org.acm.seguin.uml.refactor.PushDownFieldListener,2,4,0,12,6,0,2,1
org.acm.seguin.tools.stub.StubGenerator,6,2,0,10,17,9,2,6
org.acm.seguin.refactor.TransformAST,2,1,16,3,3,1,37,2
org.acm.seguin.summary.LocalVariableSummary,4,3,0,11,10,6,12,4
org.acm.seguin.uml.refactor.PushUpMethodListener,2,4,0,10,6,0,2,1
org.acm.seguin.parser.ast.ASTLabeledStatement,6,2,0,7,15,13,9,6
org.acm.seguin.ide.common.action.ExtractMethodAction,3,3,0,12,14,3,0,3
org.acm.seguin.parser.query.EqualTree,88,2,0,93,223,3828,1,88
org.acm.seguin.parser.ast.ASTUnmodifiedClassDeclaration,6,2,0,7,15,13,21,6
org.acm.seguin.metrics.GatherData,16,1,0,28,73,114,5,16
org.acm.seguin.refactor.AddImportTransform,6,2,0,14,22,0,9,5
org.acm.seguin.uml.ISourceful,1,1,0,2,1,0,6,1
org.acm.seguin.parser.ast.ASTTypeDeclaration,3,2,0,5,6,3,18,3
org.acm.seguin.awt.AboutBox,4,5,0,19,44,6,0,4
org.acm.seguin.ide.jbuilder.refactor.JBuilderRemoveEmptyClassRefactoring,2,3,0,6,7,1,1,0
org.acm.seguin.tools.build.CreateVersion,3,1,0,9,15,1,0,3
org.acm.seguin.ide.jbuilder.BrowserAdapter,12,1,2,10,13,66,2,12
org.acm.seguin.ide.jbuilder.TestObject,2,1,0,7,10,1,0,2
org.acm.seguin.refactor.field.PushDownFieldRefactoring,10,3,0,26,46,27,3,7
org.acm.seguin.print.text.PrintingThread,4,2,0,22,30,4,1,3
org.acm.seguin.ide.common.action.ExtractInterfaceAction,5,4,1,11,11,10,1,3
org.acm.seguin.summary.SummaryLoadVisitor,39,2,0,61,193,739,2,28
org.acm.seguin.io.AllFileFilter,3,2,0,5,4,3,2,3
org.acm.seguin.pretty.sort.FieldInitializerOrder,3,2,0,7,8,3,1,2
org.acm.seguin.uml.ProtectionIcon,5,2,0,11,16,2,2,3
org.acm.seguin.parser.ast.ASTMultiplicativeExpression,6,2,0,9,14,3,11,6
org.acm.seguin.ide.elixir.version.AddListener,2,1,0,6,4,0,0,2
org.acm.seguin.parser.ast.ASTArrayDimsAndInits,5,2,0,5,8,0,9,5
org.acm.seguin.refactor.type.ChangePackageTransform,5,2,0,9,15,0,1,3
org.acm.seguin.summary.VariableSummary,9,2,3,10,27,6,19,9
org.acm.seguin.awt.ExceptionPrinter,3,1,0,6,7,3,20,3
org.acm.seguin.refactor.field.FieldRefactoringFactory,4,1,0,5,8,6,1,4
org.apache.tools.ant.taskdefs.optional.javastyle.JavaStyle,9,0,0,8,10,36,0,7
org.acm.seguin.ide.command.ZoomAdapter,2,1,0,5,5,0,1,2
org.acm.seguin.parser.ast.ASTNullLiteral,3,2,0,5,6,3,9,3
org.acm.seguin.pretty.PrettyPrintVisitor,106,1,0,104,507,735,3,88
org.acm.seguin.refactor.type.RenameTypeData,5,1,0,5,8,0,4,5
org.acm.seguin.parser.ast.ASTCompilationUnit,4,2,0,8,9,6,13,4
org.acm.seguin.ide.cafe.ReloadActionAdapter,4,1,0,9,6,6,0,2
org.acm.seguin.ide.jbuilder.RefactoryNodeViewerFactory,4,1,0,8,5,6,0,3
org.acm.seguin.tools.stub.StubPrintVisitor,87,1,0,92,188,3741,1,87
org.acm.seguin.uml.TypeMetricsListener,2,3,0,16,12,0,1,2
org.acm.seguin.print.xml.XMLLinePrinter,4,2,0,14,29,0,1,4
org.acm.seguin.parser.ast.ASTEmptyStatement,3,2,0,5,6,3,9,3
org.acm.seguin.ide.common.action.EmptySelectedFileSet,4,2,0,7,9,6,7,4
org.acm.seguin.parser.ast.ASTPreIncrementExpression,3,2,0,5,6,3,9,3
org.acm.seguin.pretty.sort.ProtectionOrder,3,2,0,14,16,1,1,1
org.acm.seguin.metrics.LCTraversal,5,2,0,10,22,4,0,3
org.acm.seguin.ide.jbuilder.ZoomAction,3,0,0,5,4,3,0,3
org.acm.seguin.uml.refactor.MoveMethodDialog,2,7,0,21,22,0,1,1
org.acm.seguin.parser.ast.ASTVariableDeclaratorId,8,2,0,7,17,14,29,8
org.acm.seguin.parser.factory.InputStreamParserFactory,3,2,0,5,4,0,2,1
org.acm.seguin.uml.refactor.ExtractInterfaceListener,2,4,0,9,4,0,2,1
org.acm.seguin.pretty.sort.MultipleOrdering,5,1,0,14,20,0,2,3
org.acm.seguin.pretty.PrettyPrintString,5,2,1,9,12,0,1,1
Repackage,6,1,0,16,30,7,0,4
org.acm.seguin.parser.ast.ASTClassBodyDeclaration,3,2,0,5,6,3,17,3
org.acm.seguin.parser.io.CharStream,24,1,2,10,67,270,4,21
org.acm.seguin.refactor.field.RenameFieldVisitor,13,2,0,35,82,78,1,8
org.acm.seguin.refactor.method.RemoveMethodTransform,3,2,0,6,7,0,6,3
org.acm.seguin.metrics.TypeMetricsFrame,2,3,0,11,24,0,1,1
org.acm.seguin.tools.install.RefactoryStorage,6,1,0,19,34,3,1,4
org.acm.seguin.ide.elixir.ElixirPrettyPrinter,8,4,0,5,9,28,0,3
org.acm.seguin.refactor.field.RemoveFieldTransform,3,2,0,6,7,0,3,3
org.acm.seguin.JRefactoryVersion,6,1,0,7,15,15,1,6
org.acm.seguin.refactor.method.ChangeMethodScopeVisitor,5,3,0,9,11,8,1,4
org.acm.seguin.refactor.RefactoringException,1,3,0,4,2,0,30,1
org.acm.seguin.ide.elixir.ElixirExtractMethod,7,8,0,8,8,21,0,3
org.acm.seguin.refactor.field.PushUpFieldRefactoring,8,3,0,25,45,22,3,5
org.acm.seguin.ide.command.CommandLineMenu,5,1,0,18,21,10,2,1
org.acm.seguin.parser.ast.ASTLocalVariableDeclaration,6,2,0,7,15,9,14,6
org.acm.seguin.parser.ast.ASTVariableInitializer,3,2,0,5,6,3,10,3
org.acm.seguin.parser.ast.ASTForStatement,3,2,0,5,6,3,9,3
org.acm.seguin.pretty.SpecialTokenVisitor,90,1,0,101,115,4003,2,88
org.acm.seguin.awt.ImagePanel,2,5,0,11,13,0,1,2
org.acm.seguin.uml.refactor.PackageList,3,1,0,14,24,3,3,1
org.acm.seguin.ide.jbuilder.NewProjectAdapter,4,2,0,9,5,6,0,3
org.acm.seguin.metrics.TypeMetrics,22,1,0,4,27,95,5,16
org.acm.seguin.ide.jbuilder.UMLNode,12,0,0,13,13,66,0,10
org.acm.seguin.parser.ast.ASTMethodDeclaration,25,2,0,18,63,0,28,25
org.acm.seguin.ide.elixir.PrettyPrinterExtension,7,1,1,5,8,21,1,7
org.acm.seguin.refactor.type.RenameTypeTransform,4,2,0,12,15,0,3,4
org.acm.seguin.uml.PackageMetricsListener,2,3,0,9,6,0,1,2
org.acm.seguin.metrics.MethodMetricsFrame,2,3,0,11,17,0,1,1
org.acm.seguin.refactor.field.RenameSystemTraversal,12,2,0,27,46,66,1,11
org.acm.seguin.uml.refactor.RenameParameterDialog,5,8,0,24,35,0,1,4
org.acm.seguin.parser.ast.ASTArguments,3,2,0,5,6,3,17,3
org.acm.seguin.pretty.PrintData,122,1,1,23,165,6645,28,109
org.acm.seguin.refactor.undo.FileSet,2,1,0,5,7,0,3,2
org.acm.seguin.metrics.TextReport,20,2,0,9,40,190,2,1
org.acm.seguin.ide.common.action.AddChildClassAction,5,4,1,11,11,10,1,3
org.acm.seguin.parser.factory.ParserFactory,6,1,4,13,16,11,12,2
org.acm.seguin.summary.query.SameMethod,7,1,0,10,17,21,1,5
org.acm.seguin.tools.build.CleanClassFiles,4,2,0,15,23,4,0,2
org.acm.seguin.awt.OrderableListModel,7,2,0,5,11,1,2,7
org.acm.seguin.summary.query.ContainsStatic,4,1,0,9,14,6,1,2
org.acm.seguin.ide.elixir.ElixirSourceBrowser,3,2,0,6,5,3,0,3
org.acm.seguin.parser.ast.ASTPrimaryPrefix,6,2,0,7,15,3,18,6
org.acm.seguin.parser.ast.ASTSynchronizedStatement,3,2,0,5,6,3,9,3
org.acm.seguin.ide.common.DefaultPackageListFilter,2,2,0,5,4,1,1,2
org.acm.seguin.ide.common.EditorOperations,12,1,2,5,13,60,9,11
org.acm.seguin.refactor.type.RemoveClassVisitor,6,4,0,15,19,0,1,1
org.acm.seguin.parser.NamedToken,4,1,0,4,7,0,1,4
org.acm.seguin.ide.netbeans.NetBeansEditorOperations,12,2,0,9,13,66,0,9
org.acm.seguin.pretty.sort.TypeOrder,3,2,0,13,20,0,1,1
org.acm.seguin.summary.PackageSummary,16,2,0,17,41,58,63,12
org.acm.seguin.uml.RoleHolder,8,5,0,21,33,0,1,8
org.acm.seguin.uml.refactor.AddParentClassListener,2,4,0,9,4,0,2,1
org.acm.seguin.uml.refactor.AddAbstractParentDialog,5,8,0,10,12,8,1,4
org.acm.seguin.summary.query.PackageContainsClass,4,1,0,7,12,6,1,3
org.acm.seguin.ide.jbuilder.refactor.JBuilderAddChildClassAction,1,5,0,5,2,0,0,1
org.acm.seguin.parser.ast.ASTStatementExpression,6,2,0,7,15,3,12,6
org.acm.seguin.parser.ast.ASTReturnStatement,3,2,0,5,6,3,10,3
org.acm.seguin.parser.ast.ASTEqualityExpression,6,2,0,9,14,3,11,6
org.acm.seguin.summary.query.ParameterQuery,2,1,0,6,8,1,0,2
org.acm.seguin.print.xml.State,14,1,5,8,23,65,6,11
org.acm.seguin.uml.print.PrintSetupAdapter,2,1,0,6,4,1,1,2
org.acm.seguin.uml.refactor.ClassNameDialog,5,7,6,17,23,8,6,4

