<grammar>
	<!--  Root -->
	<root-symbol>rule</root-symbol>
	
	<!-- Terminals -->
	<terminals>

		<terminal name="and" code="uco.kdis.dpd.cmp.And"/>

		<!-- Comparators -->
		<terminal name="equals" code="uco.kdis.dpd.cmp.Equals"/>
		<terminal name="notEquals" code="uco.kdis.dpd.cmp.NotEquals"/>				
		
		<terminal name="&lt;" code="uco.kdis.dpd.cmp.Less"/>
		<terminal name="&gt;" code="uco.kdis.dpd.cmp.Greater"/>
		<terminal name="&lt;=" code="uco.kdis.dpd.cmp.LessOrEquals"/>
		<terminal name="&gt;=" code="uco.kdis.dpd.cmp.GreaterOrEquals"/>
		
		<!-- Operators -->
		
		<terminal name="label" code="uco.kdis.dpd.cmp.op.Label"/>
		
		<terminal name="typeOf" code="uco.kdis.dpd.cmp.op.TypeOf"/>
		<terminal name="ctorVisibility" code="uco.kdis.dpd.cmp.op.CtorVisibility"/>
		<terminal name="createObj" code="uco.kdis.dpd.cmp.op.CreateObj"/>
		<terminal name="isFinal" code="uco.kdis.dpd.cmp.op.IsFinal"/>
		<terminal name="returns" code="uco.kdis.dpd.cmp.op.Returns"/>
		<terminal name="aggregation" code="uco.kdis.dpd.cmp.op.Aggregation"/>
		<terminal name="adapter" code="uco.kdis.dpd.cmp.op.Adapter"/>
		<terminal name="receives" code="uco.kdis.dpd.cmp.op.Receives"/>
		<terminal name="delegates" code="uco.kdis.dpd.cmp.op.Delegates"/>
		<terminal name="linkMethod" code="uco.kdis.dpd.cmp.op.LinkMethod"/>
		<terminal name="linkArtefact" code="uco.kdis.dpd.cmp.op.LinkArtefact"/>
		<terminal name="conglomeration" code="uco.kdis.dpd.cmp.op.Conglomeration"/>
		<terminal name="isSubclass" code="uco.kdis.dpd.cmp.op.IsSubclass"/>
		<terminal name="sameElem" code="uco.kdis.dpd.cmp.op.SameElem"/>
		<terminal name="controlledInit" code="uco.kdis.dpd.cmp.op.ControlledInit"/>
		<terminal name="controlledExcep" code="uco.kdis.dpd.cmp.op.ControlledExcep"/>
		
		<terminal name="redirectInFamily" code="uco.kdis.dpd.cmp.op.RedirectInFamily"/>
		<terminal name="sameInterfaceInstance" code="uco.kdis.dpd.cmp.op.SameInterfaceInstance"/>
		<terminal name="sameInterfaceContainer" code="uco.kdis.dpd.cmp.op.SameInterfaceContainer"/>
		
		
		<terminal name="DIT" code="uco.kdis.dpd.cmp.op.DIT"/>
		<terminal name="NOC" code="uco.kdis.dpd.cmp.op.NOC"/>
		<terminal name="NOM" code="uco.kdis.dpd.cmp.op.NOM"/>
		<terminal name="RFC" code="uco.kdis.dpd.cmp.op.RFC"/>
		
		<!-- Values -->
		<terminal name="boolValue" code="uco.kdis.dpd.cmp.ConstantCategoricalValues">true</terminal>
		<terminal name="typeOfValue" code="uco.kdis.dpd.cmp.ConstantCategoricalValues">class;absClass;intface;enum</terminal>
		<terminal name="ctorVisibilityValue" code="uco.kdis.dpd.cmp.ConstantCategoricalValues">public;protected;private;package</terminal> 
		<terminal name="labelValue" code="uco.kdis.dpd.cmp.ConstantCategoricalValues">aPattern</terminal>
		<terminal name="aggregationValue" code="uco.kdis.dpd.cmp.ConstantCategoricalValues">static;instance;notLinked</terminal> 
		<terminal name="adapterValue" code="uco.kdis.dpd.cmp.ConstantCategoricalValues">declaredDeclared;declaredInherited;notLinked</terminal>
		<terminal name="linkArtefactValue" code="uco.kdis.dpd.cmp.ConstantCategoricalValues">extends;extendedExtends;implements;extendedImplements;notLinked</terminal>
		<terminal name="linkMethodValue" code="uco.kdis.dpd.cmp.ConstantCategoricalValues">implement;override;extendedImplement;extendedOverride;notLinked</terminal>
		<terminal name="sameInterfaceInstanceValue" code="uco.kdis.dpd.cmp.ConstantCategoricalValues">single;multi;notLinked</terminal>
		<terminal name="redirectInFamilyValue" code="uco.kdis.dpd.cmp.ConstantCategoricalValues">single;multi;notLinked</terminal>
	
	</terminals>
	
	<!-- Non terminals: are represented as production rules -->
	<non-terminals>
	
		<!-- Pattern -->
		<non-terminal name="rule">
			<production-rule>antc;consq</production-rule>
		</non-terminal>
		
		<non-terminal name="antc">
			<production-rule>cmp</production-rule>
			<production-rule>and;cmp;antc</production-rule>
		</non-terminal>
		
		<non-terminal name="consq">
			<production-rule>catCmptor;label;labelValue</production-rule>
		</non-terminal>
		
		<!-- Comparison -->
		<non-terminal name="cmp">	
			<production-rule>catCmp</production-rule>
			<production-rule>numCmp</production-rule>
		</non-terminal>
		
		<!-- Categorical comparisons -->
		<non-terminal name="catCmp">
			
			<production-rule>catCmptor;typeOf;role;typeOfValue</production-rule>
			<production-rule>catCmptor;isFinal;role;boolValue</production-rule>	
			<production-rule>catCmptor;isSubclass;role;boolValue</production-rule>
			<production-rule>catCmptor;controlledExcep;role;boolValue</production-rule>
			<production-rule>catCmptor;controlledInit;role;boolValue</production-rule>
			<production-rule>catCmptor;conglomeration;role;boolValue</production-rule>
			<production-rule>catCmptor;returns;role;role;boolValue</production-rule>
			<production-rule>catCmptor;receives;role;role;boolValue</production-rule>
			<production-rule>catCmptor;createObj;role;role;boolValue</production-rule>
			<production-rule>catCmptor;delegates;role;role;boolValue</production-rule>
			<production-rule>catCmptor;sameElem;role;role;boolValue</production-rule>
			
			<production-rule>catCmptor;linkMethod;role;role;linkMethodValue</production-rule>
			<production-rule>catCmptor;linkArtefact;role;role;linkArtefactValue</production-rule>
			<production-rule>catCmptor;ctorVisibility;role;ctorVisibilityValue</production-rule>
			<production-rule>catCmptor;aggregation;role;role;aggregationValue</production-rule>
			<production-rule>catCmptor;adapter;role;role;role;adapterValue</production-rule>
			
			<production-rule>catCmptor;sameInterfaceInstance;role;role;sameInterfaceInstanceValue</production-rule>
			<production-rule>catCmptor;sameInterfaceContainer;role;role;boolValue</production-rule>
			<production-rule>catCmptor;redirectInFamily;role;redirectInFamilyValue</production-rule>			
		</non-terminal>		
		
		<!-- "roleValue" and "numValue" will be replaced in execution time -->
		<non-terminal name="numCmp">
			<production-rule>numCmptor;NOM;roleValue;numValue</production-rule>
			<production-rule>numCmptor;NOC;roleValue;numValue</production-rule>	
			<production-rule>numCmptor;DIT;roleValue;numValue</production-rule>	
			<production-rule>numCmptor;RFC;roleValue;numValue</production-rule>
		</non-terminal>	
		
		<non-terminal name="catCmptor">
			<production-rule>equals</production-rule>
			<production-rule>notEquals</production-rule>
		</non-terminal>
		
		<non-terminal name="numCmptor">
			<production-rule>&lt;</production-rule>
			<production-rule>></production-rule>
			<production-rule>&lt;=</production-rule>
			<production-rule>>=</production-rule>
		</non-terminal>
		
	</non-terminals>
</grammar>
