<patternData>
	<projectPath></projectPath>
	<pattern>Abstract Factory</pattern>
	<roles>
		<role>abstractfactory</role>
		<role>concretefactory</role>
		<role>abstractproduct</role>
		<role>concreteproduct</role>
	</roles>
	<candidates>
		<candidate>
			<isPattern>true</isPattern>
			<roles>
				<role name="abstractfactory">
					<class>org.openide.src.nodes.ElementNodeFactory</class>
				</role>
				<role name="concretefactory">
					<class>org.openide.src.nodes.DefaultFactory</class>
					<class>org.netbeans.modules.clazz.ClassElementNodeFactory</class>
					<class>org.netbeans.modules.java.JavaElementNodeFactory</class>
					<class>org.openide.src.nodes.FilterFactory</class>
					<class>org.netbeans.modules.javadoc.comments.JavaDocPropertySupportFactory</class>
					<class>org.netbeans.modules.beans.PatternsBrowserFactory</class>
					<class>org.netbeans.modules.beans.PatternsExplorerFactory</class>
				</role>
				<role name="abstractproduct">
					<class>org.openide.nodes.Node</class>
				</role>
				<role name="concreteproduct">
					<class>org.openide.nodes.AbstractNode</class>
					<class>org.openide.src.nodes.ElementNode</class>
					<class>org.openide.src.nodes.MemberElementNode</class>
					<class>org.openide.src.nodes.ClassElementNode</class>
					<class>org.openide.src.nodes.ConstructorElementNode</class>
					<class>org.openide.src.nodes.FieldElementNode</class>
					<class>org.openide.src.nodes.InitializerElementNode</class>
					<class>org.openide.src.nodes.MethodElementNode</class>
				</role>
			</roles>
		</candidate>
		<candidate>
			<isPattern>true</isPattern>
			<roles>
				<role name="abstractfactory">
					<class>org.netbeans.lib.ddl.DatabaseSpecificationFactory</class>
					<class>org.netbeans.lib.ddl.DriverSpecificationFactory</class>
				</role>
				<role name="concretefactory">
					<class>org.netbeans.lib.ddl.impl.SpecificationFactory</class>
				</role>
				<role name="abstractproduct">
					<class>org.netbeans.lib.ddl.DatabaseSpecification</class>
					<class>org.netbeans.lib.ddl.impl.DriverSpecification</class>
				</role>
				<role name="concreteproduct">
					<class>org.netbeans.lib.ddl.impl.Specification</class>
					<class>org.netbeans.lib.ddl.impl.DriverSpecification</class>
				</role>
			</roles>
		</candidate>
		<candidate>
			<isPattern>true</isPattern>
			<roles>
				<role name="abstractfactory">
					<class>org.netbeans.modules.vcs.VcsFactory</class>
				</role>
				<role name="concretefactory">
					<class>org.netbeans.modules.vcs.advanced.CommandLineVcsFactory</class>
					<class>org.netbeans.modules.vcs.cmdline.CvsFactory</class>
				</role>
				<role name="abstractproduct">
					<class>org.netbeans.modules.vcs.VcsAction</class>
					<class>org.netbeans.modules.vcs.VcsAdvancedCustomizer</class>
					<class>org.netbeans.modules.vcs.VcsDirReader</class>
				</role>
				<role name="concreteproduct">
					<class>org.netbeans.modules.vcs.advanced.CommandLineAction</class>
					<class>org.netbeans.modules.vcs.advanced.CommandLineVcsAdvancedCustomizer</class>
					<class>org.netbeans.modules.vcs.cmdline.CommandLineVcsDirReader</class>
					<class>org.netbeans.modules.vcs.cmdline.CommandLineVcsDirReaderRecursive</class>
					<class>org.netbeans.modules.vcs.cmdline.CvsAction</class>
				</role>
			</roles>
		</candidate>
		<candidate>
			<isPattern>true</isPattern>
			<roles>
				<role name="abstractfactory">
					<class>org.netbeans.modules.java.ElementFactory</class>
				</role>
				<role name="concretefactory">
					<class>org.netbeans.modules.java.V8ParseRequest</class>
				</role>
				<role name="abstractproduct">
					<class>org.netbeans.modules.java.ElementFactory$Item</class>
				</role>
				<role name="concreteproduct">
					<class>org.netbeans.modules.java.ClassElementImpl</class>
					<class>org.netbeans.modules.java.ConstructorElementImpl</class>
					<class>org.netbeans.modules.java.FieldElementImpl</class>
					<class>org.netbeans.modules.java.InitializerElementImpl</class>
					<class>org.netbeans.modules.java.MethodElementImpl</class>
				</role>
			</roles>
		</candidate>
		<candidate>
			<isPattern>true</isPattern>
			<roles>
				<role name="abstractfactory">
					<class>org.netbeans.editor.view.DialogCreator</class>
				</role>
				<role name="concretefactory">
					<class>org.netbeans.editor.view.DefaultDialogCreator</class>
					<class>org.netbeans.modules.editor.NbDialogCreator</class>
				</role>
				<role name="abstractproduct">
					<class>java.awt.Dialog</class>
				</role>
				<role name="concreteproduct">
					<class>javax.swing.JDialog</class>
				</role>
			</roles>
		</candidate>
		<candidate>
			<isPattern>true</isPattern>
			<roles>
				<role name="abstractfactory">
					<class>org.netbeans.editor.FindSupport$FinderCreator</class>
				</role>
				<role name="concretefactory">
					<class>org.netbeans.editor.FindSupport$DefaultFinderCreator</class>
				</role>
				<role name="abstractproduct">
					<class>org.netbeans.editor.Finder</class>
				</role>
				<role name="concreteproduct">
					<class>org.netbeans.editor.FinderFactory$FalseBlocksFinder</class>
					<class>org.netbeans.editor.FinderFactory$FalseFinder</class>
					<class>org.netbeans.editor.FinderFactory$WholeWordsBlocksFinder</class>
					<class>org.netbeans.editor.FinderFactory$StringBlocksFinder</class>
					<class>org.netbeans.editor.FinderFactory$WholeWordsBwdFinder</class>
					<class>org.netbeans.editor.FinderFactory$WholeWordsFwdFinder</class>
					<class>org.netbeans.editor.FinderFactory$StringBwdFinder</class>
					<class>org.netbeans.editor.FinderFactory$StringFwdFinder</class>
				</role>
			</roles>
		</candidate>
		<candidate>
			<isPattern>false</isPattern>
			<roles>
				<role name="abstractfactory">
					<class>org.openidex.projects.SettingsSet</class>
				</role>
				<role name="concretefactory">
					<class>org.openidex.projects.AbstractSettingsSet</class>
				</role>
				<role name="abstractproduct">
					<class>org.openide.util.SharedClassObject</class>
				</role>
				<role name="concreteproduct">
					<class>org.netbeans.examples.modules.minicomposer.ScoreDataLoader</class>
				</role>
			</roles>
		</candidate>
		<candidate>
			<isPattern>false</isPattern>
			<roles>
				<role name="abstractfactory">
					<class>org.openidex.projects.ProjectSupport</class>
				</role>
				<role name="concretefactory">
					<class>org.netbeans.modules.projects.PSupport</class>
				</role>
				<role name="abstractproduct">
					<class>org.openide.nodes.Node</class>
				</role>
				<role name="concreteproduct">
					<class>org.netbeans.modules.debugger.support.nodes.BreakpointsRootNode</class>
				</role>
			</roles>
		</candidate>
		<candidate>
			<isPattern>false</isPattern>
			<roles>
				<role name="abstractfactory">
					<class>org.openidex.projects.ProjectSupport</class>
				</role>
				<role name="concretefactory">
					<class>org.netbeans.modules.projects.PSupport</class>
				</role>
				<role name="abstractproduct">
					<class>org.openide.loaders.DataObject</class>
				</role>
				<role name="concreteproduct">
					<class>org.netbeans.modules.jarpackager.JarDataObject</class>
				</role>
			</roles>
		</candidate>
		<candidate>
			<isPattern>false</isPattern>
			<roles>
				<role name="abstractfactory">
					<class>org.openidex.projects.ProjectSupport</class>
				</role>
				<role name="concretefactory">
					<class>org.netbeans.modules.projects.PSupport</class>
				</role>
				<role name="abstractproduct">
					<class>org.openide.ServiceType</class>
				</role>
				<role name="concreteproduct">
					<class>org.openide.compiler.CompilerType</class>
				</role>
			</roles>
		</candidate>
		<candidate>
			<isPattern>false</isPattern>
			<roles>
				<role name="abstractfactory">
					<class>org.openidex.projects.ProjectSupport</class>
				</role>
				<role name="concretefactory">
					<class>org.netbeans.modules.projects.PSupport</class>
				</role>
				<role name="abstractproduct">
					<class>org.openide.ServiceType</class>
				</role>
				<role name="concreteproduct">
					<class>org.netbeans.modules.makefile.MakefileExecutor</class>
				</role>
			</roles>
		</candidate>
		<candidate>
			<isPattern>false</isPattern>
			<roles>
				<role name="abstractfactory">
					<class>org.openidex.projects.ProjectSupport</class>
				</role>
				<role name="concretefactory">
					<class>org.netbeans.modules.projects.PSupport</class>
				</role>
				<role name="abstractproduct">
					<class>org.openide.nodes.Node</class>
				</role>
				<role name="concreteproduct">
					<class>org.openide.src.nodes.FieldElementNode</class>
				</role>
			</roles>
		</candidate>
		<candidate>
			<isPattern>false</isPattern>
			<roles>
				<role name="abstractfactory">
					<class>org.openidex.projects.ProjectSupport</class>
				</role>
				<role name="concretefactory">
					<class>org.netbeans.modules.projects.PSupport</class>
				</role>
				<role name="abstractproduct">
					<class>org.openide.nodes.Node</class>
				</role>
				<role name="concreteproduct">
					<class>org.netbeans.modules.db.explorer.nodes.TableNode</class>
				</role>
			</roles>
		</candidate>
		<candidate>
			<isPattern>false</isPattern>
			<roles>
				<role name="abstractfactory">
					<class>org.openidex.projects.SettingsSet</class>
				</role>
				<role name="concretefactory">
					<class>org.openidex.projects.AbstractSettingsSet</class>
				</role>
				<role name="abstractproduct">
					<class>org.openide.util.SharedClassObject</class>
				</role>
				<role name="concreteproduct">
					<class>org.openide.options.VetoSystemOption</class>
				</role>
			</roles>
		</candidate>
		<candidate>
			<isPattern>false</isPattern>
			<roles>
				<role name="abstractfactory">
					<class>org.openidex.projects.AbstractProjectContent</class>
				</role>
				<role name="concretefactory">
					<class>org.netbeans.modules.projects.content.XMLProjectContent</class>
				</role>
				<role name="abstractproduct">
					<class>org.openidex.projects.SettingsSet</class>
				</role>
				<role name="concreteproduct">
					<class>org.openidex.projects.AbstractSettingsSet</class>
				</role>
			</roles>
		</candidate>
		<candidate>
			<isPattern>false</isPattern>
			<roles>
				<role name="abstractfactory">
					<class>org.openidex.projects.ProjectSupport</class>
				</role>
				<role name="concretefactory">
					<class>org.netbeans.modules.projects.PSupport</class>
				</role>
				<role name="abstractproduct">
					<class>org.openide.loaders.DataObject</class>
				</role>
				<role name="concreteproduct">
					<class>org.netbeans.modules.clazz.SerDataObject</class>
				</role>
			</roles>
		</candidate>
		<candidate>
			<isPattern>false</isPattern>
			<roles>
				<role name="abstractfactory">
					<class>org.openidex.projects.ProjectContent</class>
				</role>
				<role name="concretefactory">
					<class>org.netbeans.modules.projects.content.XMLProjectContent</class>
				</role>
				<role name="abstractproduct">
					<class>org.openidex.projects.DiffSet</class>
				</role>
				<role name="concreteproduct">
					<class>org.openidex.projects.AbstractDiffSet</class>
				</role>
			</roles>
		</candidate>
		<candidate>
			<isPattern>false</isPattern>
			<roles>
				<role name="abstractfactory">
					<class>org.openidex.projects.ProjectSupport</class>
				</role>
				<role name="concretefactory">
					<class>org.netbeans.modules.projects.PSupport</class>
				</role>
				<role name="abstractproduct">
					<class>org.openide.ServiceType</class>
				</role>
				<role name="concreteproduct">
					<class>org.netbeans.modules.multicompile.MultiCompilerType</class>
				</role>
			</roles>
		</candidate>
		<candidate>
			<isPattern>false</isPattern>
			<roles>
				<role name="abstractfactory">
					<class>org.openidex.projects.SettingsSet</class>
				</role>
				<role name="concretefactory">
					<class>org.openidex.projects.AbstractSettingsSet</class>
				</role>
				<role name="abstractproduct">
					<class>org.openide.util.SharedClassObject</class>
				</role>
				<role name="concreteproduct">
					<class>org.netbeans.modules.editor.options.AllOptions</class>
				</role>
			</roles>
		</candidate>
		<candidate>
			<isPattern>false</isPattern>
			<roles>
				<role name="abstractfactory">
					<class>org.openidex.projects.ProjectSupport</class>
				</role>
				<role name="concretefactory">
					<class>org.netbeans.modules.projects.PSupport</class>
				</role>
				<role name="abstractproduct">
					<class>org.openide.loaders.DataObject</class>
				</role>
				<role name="concreteproduct">
					<class>org.openide.loaders.MultiDataObject</class>
				</role>
			</roles>
		</candidate>
		<candidate>
			<isPattern>false</isPattern>
			<roles>
				<role name="abstractfactory">
					<class>org.openidex.projects.SettingsSet</class>
				</role>
				<role name="concretefactory">
					<class>org.openidex.projects.AbstractSettingsSet</class>
				</role>
				<role name="abstractproduct">
					<class>org.openide.util.SharedClassObject</class>
				</role>
				<role name="concreteproduct">
					<class>org.netbeans.modules.projects.settings.ProjectOption</class>
				</role>
			</roles>
		</candidate>
		<candidate>
			<isPattern>false</isPattern>
			<roles>
				<role name="abstractfactory">
					<class>org.openidex.projects.ProjectSupport</class>
				</role>
				<role name="concretefactory">
					<class>org.netbeans.modules.projects.PSupport</class>
				</role>
				<role name="abstractproduct">
					<class>org.openide.nodes.Node</class>
				</role>
				<role name="concreteproduct">
					<class>org.netbeans.modules.corba.browser.ns.ObjectNode</class>
				</role>
			</roles>
		</candidate>
		<candidate>
			<isPattern>false</isPattern>
			<roles>
				<role name="abstractfactory">
					<class>org.openidex.projects.ProjectSupport</class>
				</role>
				<role name="concretefactory">
					<class>org.netbeans.modules.projects.PSupport</class>
				</role>
				<role name="abstractproduct">
					<class>org.openide.nodes.Node</class>
				</role>
				<role name="concreteproduct">
					<class>org.openide.nodes.BeanNode</class>
				</role>
			</roles>
		</candidate>
		<candidate>
			<isPattern>false</isPattern>
			<roles>
				<role name="abstractfactory">
					<class>org.openidex.projects.SettingsSet</class>
				</role>
				<role name="concretefactory">
					<class>org.openidex.projects.AbstractSettingsSet</class>
				</role>
				<role name="abstractproduct">
					<class>org.openide.util.SharedClassObject</class>
				</role>
				<role name="concreteproduct">
					<class>org.netbeans.core.actions.EditorViewAction</class>
				</role>
			</roles>
		</candidate>
	</candidates>
</patternData>
