<patternData>
	<projectPath></projectPath>
	<pattern>Command</pattern>
	<roles>
		<role>receiver</role>
		<role>command</role>
		<role>invoker</role>
		<role>concretecommand</role>
	</roles>
	<candidates>
		<candidate>
			<isPattern>true</isPattern>
			<roles>
				<role name="receiver">
					<class>net.nutch.db.Page</class>
					<class>net.nutch.db.Link</class>
				</role>
				<role name="command">
					<class>net.nutch.db.DistributedWebDBWriter$CloseProcessor</class>
				</role>
				<role name="invoker">
					<class>net.nutch.db.DistributedWebDBWriter</class>
				</role>
				<role name="concretecommand">
					<class>net.nutch.db.DistributedWebDBWriter$PagesByURLProcessor</class>
					<class>net.nutch.db.DistributedWebDBWriter$PagesByMD5Processor</class>
					<class>net.nutch.db.DistributedWebDBWriter$LinksByURLProcessor</class>
					<class>net.nutch.db.DistributedWebDBWriter$LinksByMD5Processor</class>
				</role>
			</roles>
		</candidate>
		<candidate>
			<isPattern>true</isPattern>
			<roles>
				<role name="receiver">
					<class>net.nutch.db.Page</class>
					<class>net.nutch.db.Link</class>
				</role>
				<role name="command">
					<class>net.nutch.db.WebDBWriter$CloseProcessor</class>
				</role>
				<role name="invoker">
					<class>net.nutch.db.WebDBWriter</class>
				</role>
				<role name="concretecommand">
					<class>net.nutch.db.WebDBWriter$LinksByMD5Processor</class>
					<class>net.nutch.db.WebDBWriter$LinksByURLProcessor</class>
					<class>net.nutch.db.WebDBWriter$PagesByMD5Processor</class>
					<class>net.nutch.db.WebDBWriter$PagesByURLProcessor</class>
				</role>
			</roles>
		</candidate>
		<candidate>
			<isPattern>true</isPattern>
			<roles>
				<role name="receiver">
					<class>CH.ifa.draw.framework.Figure</class>
					<class>CH.ifa.draw.framework.FigureSelection</class>
					<class>CH.ifa.draw.framework.Drawing</class>
					<class>CH.ifa.draw.framework.DrawingView</class>
				</role>
				<role name="command">
					<class>CH.ifa.draw.util.Command</class>
				</role>
				<role name="invoker">
					<class>CH.ifa.draw.standard.StandardDrawingView</class>
					<class>CH.ifa.draw.util.CommandButton</class>
					<class>CH.ifa.draw.util.CommandChoice</class>
					<class>CH.ifa.draw.util.CommandMenu</class>
				</role>
				<role name="concretecommand">
					<class>CH.ifa.draw.standard.AlignCommand</class>
					<class>CH.ifa.draw.standard.BringToFrontCommand</class>
					<class>CH.ifa.draw.standard.ChangeAttributeCommand</class>
					<class>CH.ifa.draw.standard.CopyCommand</class>
					<class>CH.ifa.draw.standard.CutCommand</class>
					<class>CH.ifa.draw.standard.DeleteCommand</class>
					<class>CH.ifa.draw.standard.DuplicateCommand</class>
					<class>CH.ifa.draw.standard.PasteCommand</class>
					<class>CH.ifa.draw.figures.GroupCommand</class>
					<class>CH.ifa.draw.figures.InsertImageCommand</class>
					<class>CH.ifa.draw.standard.SendToBackCommand</class>
					<class>CH.ifa.draw.standard.ToggleGridCommand</class>
					<class>CH.ifa.draw.figures.UngroupCommand</class>
				</role>
			</roles>
		</candidate>
		<candidate>
			<isPattern>true</isPattern>
			<roles>
				<role name="receiver">
					<class>java.sql.Connection</class>
				</role>
				<role name="command">
					<class>org.netbeans.lib.ddl.DDLCommand</class>
				</role>
				<role name="invoker">
					<class>org.netbeans.modules.db.explorer.infos.ColumnNodeInfo</class>
					<class>org.netbeans.modules.db.explorer.infos.IndexNodeInfo</class>
					<class>org.netbeans.modules.db.explorer.infos.TableNodeInfo</class>
					<class>org.netbeans.modules.db.explorer.infos.ViewNodeInfo</class>
					<class>org.netbeans.lib.ddl.util.CommandBuffer</class>
					<class>org.netbeans.modules.db.explorer.nodes.IndexNode$IndexPasteType</class>
					<class>org.netbeans.modules.db.explorer.nodes.TableNode$ColumnPasteType</class>
					<class>org.netbeans.modules.db.explorer.actions.AddIndexAction</class>
					<class>org.netbeans.modules.db.explorer.actions.AddToIndexAction</class>
					<class>org.netbeans.modules.db.explorer.actions.CreateViewAction</class>
					<class>org.netbeans.modules.db.explorer.actions.RecreateTableAction</class>
					<class>org.netbeans.modules.db.explorer.nodes.ColumnNode</class>
					<class>org.netbeans.modules.db.explorer.nodes.TableNode</class>
					<class>org.netbeans.modules.db.explorer.nodes.ViewNode</class>
				</role>
				<role name="concretecommand">
					<class>org.netbeans.lib.ddl.impl.AbstractCommand</class>
					<class>org.netbeans.lib.ddl.impl.ColumnCommand</class>
					<class>org.netbeans.lib.ddl.impl.ModifyColumn</class>
					<class>org.netbeans.lib.ddl.impl.RemoveColumn</class>
					<class>org.netbeans.lib.ddl.impl.RenameColumn</class>
					<class>org.netbeans.lib.ddl.impl.ColumnListCommand</class>
					<class>org.netbeans.lib.ddl.impl.AddColumn</class>
					<class>org.netbeans.lib.ddl.impl.CreateIndex</class>
					<class>org.netbeans.lib.ddl.impl.CreateTable</class>
					<class>org.netbeans.lib.ddl.impl.CommentTable</class>
					<class>org.netbeans.lib.ddl.impl.CommentView</class>
					<class>org.netbeans.lib.ddl.impl.CreateProcedure</class>
					<class>org.netbeans.lib.ddl.impl.CreateFunction</class>
					<class>org.netbeans.lib.ddl.impl.CreateTrigger</class>
					<class>org.netbeans.lib.ddl.impl.CreateView</class>
					<class>org.netbeans.lib.ddl.impl.RenameTable</class>
					<class>org.netbeans.lib.ddl.impl.RenameView</class>
				</role>
			</roles>
		</candidate>
		<candidate>
			<isPattern>true</isPattern>
			<roles>
				<role name="receiver">
					<class>org.netbeans.modules.vcs.cmdline.exec.NoRegexListener</class>
				</role>
				<role name="command">
					<class>org.netbeans.modules.vcs.cmdline.exec.RegexListener</class>
				</role>
				<role name="invoker">
					<class>org.netbeans.modules.vcs.cmdline.list.CvsListCommand</class>
					<class>org.netbeans.modules.vcs.cmdline.commands.CvsAddTag</class>
					<class>org.netbeans.modules.vcs.cmdline.exec.ExternalCommand</class>
					<class>org.netbeans.modules.vcs.cmdline.commands.CvsWatch</class>
					<class>org.netbeans.modules.vcs.cmdline.list.CvsListRecursiveCommand</class>
				</role>
				<role name="concretecommand">
					<class>org.netbeans.modules.vcs.cmdline.commands.CvsDiff</class>
				</role>
			</roles>
		</candidate>
		<candidate>
			<isPattern>false</isPattern>
			<roles>
				<role name="receiver">
					<class>net.nutch.fetcher.FetcherOutput</class>
				</role>
				<role name="command">
					<class>net.nutch.indexer.NutchSimilarity</class>
				</role>
				<role name="invoker">
					<class>net.nutch.searcher.IndexSearcher</class>
				</role>
				<role name="concretecommand">
					<class>net.nutch.indexer.IndexSegment</class>
				</role>
			</roles>
		</candidate>
		<candidate>
			<isPattern>false</isPattern>
			<roles>
				<role name="receiver">
					<class>net.nutch.db.EditSectionWriter</class>
				</role>
				<role name="command">
					<class>net.nutch.io.WritableComparable</class>
				</role>
				<role name="invoker">
					<class>net.nutch.tools.DistributedAnalysisTool</class>
				</role>
				<role name="concretecommand">
					<class>net.nutch.db.EditSectionGroupWriter</class>
				</role>
			</roles>
		</candidate>
		<candidate>
			<isPattern>false</isPattern>
			<roles>
				<role name="receiver">
					<class>net.nutch.util.FibonacciHeap</class>
				</role>
				<role name="command">
					<class>net.nutch.io.WritableComparable</class>
				</role>
				<role name="invoker">
					<class>net.nutch.db.WebDBReader</class>
				</role>
				<role name="concretecommand">
					<class>net.nutch.fetcher.RequestScheduler</class>
				</role>
			</roles>
		</candidate>
		<candidate>
			<isPattern>false</isPattern>
			<roles>
				<role name="receiver">
					<class>net.nutch.io.NullWritable</class>
				</role>
				<role name="command">
					<class>net.nutch.io.UTF8</class>
				</role>
				<role name="invoker">
					<class>net.nutch.db.DistributedWebDBReader</class>
				</role>
				<role name="concretecommand">
					<class>net.nutch.db.WebDBReader</class>
					<class>net.nutch.db.DBSectionReader</class>
				</role>
			</roles>
		</candidate>
		<candidate>
			<isPattern>false</isPattern>
			<roles>
				<role name="receiver">
					<class>net.nutch.fetcher.FetcherStatus</class>
				</role>
				<role name="command">
					<class>net.nutch.pagedb.FetchListEntry</class>
				</role>
				<role name="invoker">
					<class>net.nutch.indexer.IndexSegment</class>
				</role>
				<role name="concretecommand">
					<class>net.nutch.fetcher.RequestScheduler</class>
					<class>net.nutch.fetcher.OutputThread</class>
				</role>
			</roles>
		</candidate>
		<candidate>
			<isPattern>false</isPattern>
			<roles>
				<role name="receiver">
					<class>net.nutch.pagedb.FetchListEntry</class>
				</role>
				<role name="command">
					<class>net.nutch.util.NutchConf</class>
				</role>
				<role name="invoker">
					<class>net.nutch.util.ShareGroup</class>
				</role>
				<role name="concretecommand">
					<class>net.nutch.fetcher.RequestScheduler</class>
					<class>net.nutch.indexer.IndexSegment</class>
				</role>
			</roles>
		</candidate>
		<candidate>
			<isPattern>false</isPattern>
			<roles>
				<role name="receiver">
					<class>org.openide.loaders.InstanceSupport</class>
				</role>
				<role name="command">
					<class>org.openide.loaders.DataObject</class>
				</role>
				<role name="invoker">
					<class>org.openidex.projects.ProjectSupport</class>
				</role>
				<role name="concretecommand">
					<class>org.openide.loaders.InstanceDataObject</class>
					<class>org.netbeans.modules.form.RADComponentNode</class>
					<class>org.netbeans.modules.clazz.SerDataObject</class>
					<class>org.netbeans.modules.clazz.ClassDataObject</class>
				</role>
			</roles>
		</candidate>
		<candidate>
			<isPattern>false</isPattern>
			<roles>
				<role name="receiver">
					<class>org.netbeans.modules.vcs.util.ChooseFileObjectDialog</class>
				</role>
				<role name="command">
					<class>org.openide.filesystems.FileObject</class>
				</role>
				<role name="invoker">
					<class>org.openidex.projects.ProjectSupport</class>
				</role>
				<role name="concretecommand">
					<class>org.netbeans.modules.vcs.advanced.VcsCustomizer</class>
				</role>
			</roles>
		</candidate>
		<candidate>
			<isPattern>false</isPattern>
			<roles>
				<role name="receiver">
					<class>org.netbeans.modules.form.Selection</class>
				</role>
				<role name="command">
					<class>org.openide.nodes.Node</class>
				</role>
				<role name="invoker">
					<class>org.openidex.projects.ProjectSupport</class>
				</role>
				<role name="concretecommand">
					<class>org.netbeans.modules.form.FormManager2</class>
				</role>
			</roles>
		</candidate>
		<candidate>
			<isPattern>false</isPattern>
			<roles>
				<role name="receiver">
					<class>org.openide.options.ControlPanel</class>
				</role>
				<role name="command">
					<class>org.openidex.projects.DiffSet</class>
				</role>
				<role name="invoker">
					<class>org.openidex.projects.AbstractDiffSet</class>
				</role>
				<role name="concretecommand">
					<class>org.netbeans.modules.projects.PSupport</class>
				</role>
			</roles>
		</candidate>
		<candidate>
			<isPattern>false</isPattern>
			<roles>
				<role name="receiver">
					<class>org.openide.nodes.NodeOp</class>
				</role>
				<role name="command">
					<class>org.openide.filesystems.FileSystem</class>
				</role>
				<role name="invoker">
					<class>org.openidex.projects.ProjectSupport</class>
				</role>
				<role name="concretecommand">
					<class>org.openide.loaders.TemplateWizard2</class>
				</role>
			</roles>
		</candidate>
		<candidate>
			<isPattern>false</isPattern>
			<roles>
				<role name="receiver">
					<class>org.openide.cookies.ExecCookie</class>
				</role>
				<role name="command">
					<class>org.openide.util.SharedClassObject</class>
				</role>
				<role name="invoker">
					<class>org.openidex.projects.OptionProcessor</class>
				</role>
				<role name="concretecommand">
					<class>org.netbeans.modules.projects.PSupport</class>
				</role>
			</roles>
		</candidate>
		<candidate>
			<isPattern>false</isPattern>
			<roles>
				<role name="receiver">
					<class>CH.ifa.draw.standard.AbstractHandle</class>
				</role>
				<role name="command">
					<class>CH.ifa.draw.framework.Figure</class>
				</role>
				<role name="invoker">
					<class>CH.ifa.draw.contrib.TriangleFigure</class>
				</role>
				<role name="concretecommand">
					<class>CH.ifa.draw.figures.ElbowHandle</class>
					<class>CH.ifa.draw.contrib.TriangleRotationHandle</class>
					<class>CH.ifa.draw.standard.WestHandle</class>
					<class>CH.ifa.draw.standard.NorthEastHandle</class>
					<class>CH.ifa.draw.standard.ChangeConnectionHandle</class>
					<class>CH.ifa.draw.standard.ConnectionHandle</class>
					<class>CH.ifa.draw.standard.NorthHandle</class>
					<class>CH.ifa.draw.standard.NorthWestHandle</class>
					<class>CH.ifa.draw.standard.SouthWestHandle</class>
					<class>CH.ifa.draw.standard.SouthEastHandle</class>
					<class>CH.ifa.draw.standard.EastHandle</class>
					<class>CH.ifa.draw.standard.SouthHandle</class>
				</role>
			</roles>
		</candidate>
		<candidate>
			<isPattern>false</isPattern>
			<roles>
				<role name="receiver">
					<class>CH.ifa.draw.standard.AbstractHandle</class>
				</role>
				<role name="command">
					<class>CH.ifa.draw.framework.FigureEnumeration</class>
				</role>
				<role name="invoker">
					<class>CH.ifa.draw.standard.CompositeFigure</class>
				</role>
				<role name="concretecommand">
					<class>CH.ifa.draw.standard.ChangeConnectionHandle</class>
					<class>CH.ifa.draw.standard.ConnectionHandle</class>
				</role>
			</roles>
		</candidate>
		<candidate>
			<isPattern>false</isPattern>
			<roles>
				<role name="receiver">
					<class>CH.ifa.draw.figures.AttributeFigure</class>
				</role>
				<role name="command">
					<class>CH.ifa.draw.framework.FigureChangeListener</class>
				</role>
				<role name="invoker">
					<class>CH.ifa.draw.figures.BorderDecorator</class>
				</role>
				<role name="concretecommand">
					<class>CH.ifa.draw.figures.TextFigure</class>
					<class>CH.ifa.draw.figures.ImageFigure</class>
				</role>
			</roles>
		</candidate>
	</candidates>
</patternData>
