<patternData>
	<projectPath></projectPath>
	<pattern>Composite</pattern>
	<roles>
		<role>component</role>
		<role>composite</role>
		<role>leaf</role>
	</roles>
	<candidates>
		<candidate>
			<isPattern>true</isPattern>
			<roles>
				<role name="component">
					<class>com.taursys.xml.Component</class>
				</role>
				<role name="composite">
					<class>com.taursys.xml.Container</class>
				</role>
				<role name="leaf">
					<class>com.taursys.xml.DispatchingContainer</class>
					<class>com.taursys.xml.DocumentElement</class>
					<class>com.taursys.xml.Form</class>
					<class>com.taursys.servlet.ServletForm</class>
					<class>com.taursys.servlet.DefaultMessageForm</class>
					<class>com.taursys.xml.Template</class>
					<class>com.taursys.html.test.HTMLComponentFactoryTest$TestContainer</class>
					<class>com.taursys.xml.Parameter</class>
					<class>com.taursys.xml.CheckboxField</class>
					<class>com.taursys.html.HTMLCheckBox</class>
					<class>com.taursys.xml.SelectField</class>
					<class>com.taursys.html.HTMLSelect</class>
					<class>com.taursys.servlet.test.ServletInputDispatcherTest$TestComponent</class>
					<class>com.taursys.xml.event.test.TriggerDispatcherTest$TestComponent</class>
					<class>com.taursys.xml.TextField</class>
					<class>com.taursys.html.HTMLAnchorURL</class>
					<class>com.taursys.html.HTMLInputText</class>
					<class>com.taursys.html.HTMLTextArea</class>
					<class>com.taursys.servlet.test.ServletParameterDispatcherTest$TestParameter</class>
					<class>com.taursys.xml.event.test.ParameterDispatcherTest$TestParameter</class>
					<class>com.taursys.xml.Trigger</class>
					<class>com.taursys.xml.Button</class>
					<class>com.taursys.servlet.test.ServletInputDispatcherTest$TestComponent</class>
					<class>com.taursys.xml.event.test.InputDispatcherTest$TestComponent</class>
				</role>
			</roles>
		</candidate>
		<candidate>
			<isPattern>true</isPattern>
			<roles>
				<role name="component">
					<class>CH.ifa.draw.framework.Figure</class>
				</role>
				<role name="composite">
					<class>CH.ifa.draw.standard.CompositeFigure</class>
					<class>CH.ifa.draw.figures.GroupFigure</class>
					<class>CH.ifa.draw.samples.pert.PertFigure</class>
					<class>CH.ifa.draw.standard.StandardDrawing</class>
					<class>CH.ifa.draw.samples.javadraw.BouncingDrawing</class>
				</role>
				<role name="leaf">
					<class>CH.ifa.draw.figures.EllipseFigure</class>
					<class>CH.ifa.draw.figures.ImageFigure</class>
					<class>CH.ifa.draw.contrib.PolygonFigure</class>
					<class>CH.ifa.draw.figures.RectangleFigure</class>
					<class>CH.ifa.draw.contrib.DiamondFigure</class>
					<class>CH.ifa.draw.contrib.TriangleFigure</class>
					<class>CH.ifa.draw.figures.RoundRectangleFigure</class>
					<class>CH.ifa.draw.figures.TextFigure</class>
					<class>CH.ifa.draw.samples.net.NodeFigure</class>
					<class>CH.ifa.draw.figures.NumberTextFigure</class>
					<class>CH.ifa.draw.figures.GroupFigure</class>
					<class>CH.ifa.draw.samples.pert.PertFigure</class>
					<class>CH.ifa.draw.standard.StandardDrawing</class>
					<class>CH.ifa.draw.samples.javadraw.BouncingDrawing</class>
					<class>CH.ifa.draw.samples.javadraw.AnimationDecorator</class>
					<class>CH.ifa.draw.figures.BorderDecorator</class>
					<class>CH.ifa.draw.figures.PolyLineFigure</class>
					<class>CH.ifa.draw.figures.LineConnection</class>
					<class>CH.ifa.draw.figures.ElbowConnection</class>
					<class>CH.ifa.draw.samples.pert.PertDependency</class>
					<class>CH.ifa.draw.figures.LineFigure</class>
					<class>CH.ifa.draw.figures.LineConnection</class>
					<class>CH.ifa.draw.figures.ElbowConnection</class>
					<class>CH.ifa.draw.samples.pert.PertDependency</class>
				</role>
			</roles>
		</candidate>
		<candidate>
			<isPattern>true</isPattern>
			<roles>
				<role name="component">
					<class>junit.framework.Test</class>
				</role>
				<role name="composite">
					<class>junit.framework.TestSuite</class>
					<class>junit.extensions.ActiveTestSuite</class>
				</role>
				<role name="leaf">
					<class>junit.tests.TestImplementorTest$DoubleTestCase</class>
					<class>junit.tests.ActiveTestTest</class>
					<class>junit.tests.AssertTest</class>
					<class>junit.extensions.ExceptionTestCase</class>
					<class>junit.tests.ExceptionTestCaseTest$ThrowExceptionTestCase</class>
					<class>junit.tests.ExceptionTestCaseTest$ThrowNoExceptionTestCase</class>
					<class>junit.tests.ExceptionTestCaseTest$ThrowRuntimeExceptionTestCase</class>
					<class>junit.tests.ExceptionTestCaseTest</class>
					<class>junit.tests.ExtensionTest</class>
					<class>junit.tests.Failure</class>
					<class>junit.samples.money.MoneyTest</class>
					<class>junit.tests.NoTestCases</class>
					<class>junit.tests.NotPublicTestCase</class>
					<class>junit.tests.NotVoidTestCase</class>
					<class>junit.tests.OneTestCase</class>
					<class>junit.tests.InheritedTestCase</class>
					<class>junit.tests.OverrideTestCase</class>
					<class>junit.tests.RepeatedTestTest</class>
					<class>junit.samples.SimpleTest</class>
					<class>junit.tests.SorterTest</class>
					<class>junit.tests.StackFilterTest</class>
					<class>junit.tests.Success</class>
					<class>junit.tests.ActiveTestTest$SuccessTest</class>
					<class>junit.tests.RepeatedTestTest$SuccessTest</class>
					<class>junit.tests.SuiteTest</class>
					<class>junit.tests.TestCaseClassLoaderTest</class>
					<class>junit.tests.TestCaseTest</class>
					<class>junit.tests.TestImplementorTest</class>
					<class>junit.tests.TestListenerTest</class>
					<class>junit.tests.TextRunnerTest</class>
					<class>junit.tests.ExtensionTest$TornDown</class>
					<class>junit.samples.VectorTest</class>
					<class>junit.tests.WasRun</class>
					<class>junit.extensions.TestDecorator</class>
					<class>junit.extensions.RepeatedTest</class>
					<class>junit.extensions.TestSetup</class>
					<class>junit.tests.ExtensionTest$TornDown</class>
				</role>
			</roles>
		</candidate>
		<candidate>
			<isPattern>true</isPattern>
			<roles>
				<role name="component">
					<class>diagram.tool.Tool</class>
				</role>
				<role name="composite">
					<class>diagram.tool.CompositeTool</class>
				</role>
				<role name="leaf">
					<class>uml.ui.CardinalityTool</class>
					<class>diagram.tool.ClipboardTool</class>
					<class>diagram.tool.EditingTool</class>
					<class>diagram.tool.FigureDraggingTool</class>
					<class>diagram.tool.FigureShappingTool</class>
					<class>diagram.tool.FigureTool</class>
					<class>diagram.tool.LinkShappingTool</class>
					<class>diagram.tool.LinkTool</class>
					<class>uml.ui.AssociationTool</class>
					<class>uml.ui.CompositionTool</class>
					<class>uml.ui.DependencyTool</class>
					<class>uml.ui.GeneralizationTool</class>
					<class>uml.ui.RealizationTool</class>
					<class>diagram.tool.SelectionTool</class>
				</role>
			</roles>
		</candidate>
		<candidate>
			<isPattern>true</isPattern>
			<roles>
				<role name="component">
					<class>diagram.DefaultFigureEditor</class>
				</role>
				<role name="composite">
					<class>diagram.DefaultLinkEditor</class>
				</role>
				<role name="leaf">
					<class>uml.diagram.ClassEditor</class>
					<class>uml.diagram.AssociationLinkEditor</class>
					<class>uml.diagram.CompositionLinkEditor</class>
					<class>uml.diagram.DependencyLinkEditor</class>
					<class>uml.diagram.GeneralizationLinkEditor</class>
					<class>uml.diagram.RealizationLinkEditor</class>
					<class>uml.diagram.InterfaceEditor</class>
					<class>uml.diagram.NoteEditor</class>
				</role>
			</roles>
		</candidate>
		<candidate>
			<isPattern>true</isPattern>
			<roles>
				<role name="component">
					<class>org.netbeans.modules.debugger.support.AbstractDebugger</class>
				</role>
				<role name="composite">
					<class>org.netbeans.modules.debugger.delegator.DelegatingDebugger</class>
				</role>
				<role name="leaf">
					<class>org.netbeans.modules.debugger.jpda.JPDADebugger</class>
					<class>org.netbeans.modules.debugger.debug.ToolsDebugger</class>
				</role>
			</roles>
		</candidate>
		<candidate>
			<isPattern>false</isPattern>
			<roles>
				<role name="component">
					<class>org.openide.compiler.ExternalCompilerGroup</class>
				</role>
				<role name="composite">
					<class>org.netbeans.modules.makefile.MakefileCompilerGroup</class>
				</role>
				<role name="leaf">
					<class>org.openide.compiler.ErrorsParsingThread</class>
					<class>org.openide.compiler.CompilerExecutor</class>
					<class>org.netbeans.modules.java.JExternalCompilerGroup</class>
					<class>org.netbeans.modules.corba.IDLExternalCompilerGroup</class>
					<class>org.netbeans.modules.rmi.RMIStubCompilerGroup</class>
				</role>
			</roles>
		</candidate>
		<candidate>
			<isPattern>false</isPattern>
			<roles>
				<role name="component">
					<class>org.openide.util.actions.CallableSystemAction</class>
				</role>
				<role name="composite">
					<class>org.netbeans.modules.objectbrowser.ShowBrowserAction</class>
				</role>
				<role name="leaf">
					<class>org.openide.actions.SaveAllAction</class>
					<class>org.openide.actions.GarbageCollectAction</class>
					<class>org.openide.actions.WorkspaceSwitchAction</class>
					<class>org.openide.actions.RedoAction</class>
					<class>org.openide.actions.UndoAction</class>
					<class>org.openide.actions.OpenProjectAction</class>
					<class>org.openide.actions.PasteAction</class>
					<class>org.openide.explorer.propertysheet.PropertySheet</class>
					<class>org.openide.util.actions.ProjectSensitiveAction</class>
					<class>org.openide.util.actions.CallbackSystemAction</class>
					<class>org.openide.util.actions.NodeAction</class>
					<class>org.netbeans.examples.modules.globalactions.TestAction</class>
					<class>org.netbeans.core.actions.TipOfTheDayAction</class>
					<class>org.netbeans.core.actions.SaveSettingsAction</class>
					<class>org.netbeans.core.actions.SystemExit</class>
					<class>org.netbeans.core.actions.ExplorerViewAction</class>
					<class>org.netbeans.core.actions.DockingAction</class>
					<class>org.netbeans.core.actions.ExecutionViewAction</class>
					<class>org.netbeans.core.actions.NextWorkspaceAction</class>
					<class>org.netbeans.core.actions.OutputWindowAction</class>
					<class>org.netbeans.core.actions.GlobalPropertiesAction</class>
					<class>org.netbeans.core.actions.SettingsAction</class>
					<class>org.netbeans.core.actions.EditorViewAction</class>
					<class>org.netbeans.core.actions.ConfigureShortcutsAction</class>
					<class>org.netbeans.core.actions.HTMLViewAction</class>
					<class>org.netbeans.core.actions.OptionsAction</class>
					<class>org.netbeans.core.actions.AboutAction</class>
					<class>org.netbeans.core.actions.PreviousWorkspaceAction</class>
					<class>org.netbeans.core.actions.AddJarAction</class>
					<class>org.netbeans.core.actions.WebLinkAction</class>
					<class>org.netbeans.core.actions.AddFSAction</class>
					<class>org.netbeans.core.actions.StopCompileAction</class>
					<class>org.netbeans.core.actions.OpenExplorerAction</class>
					<class>org.netbeans.modules.projects.NewProjectAction</class>
					<class>org.netbeans.modules.projects.settings.SettingsAction</class>
					<class>org.netbeans.modules.projects.settings.OptionsAction</class>
					<class>org.netbeans.modules.javadoc.search.AddJavaDocFSAction</class>
					<class>org.netbeans.modules.javadoc.search.SearchDocAction</class>
					<class>org.netbeans.modules.javadoc.search.AddJavaDocJarAction</class>
					<class>org.netbeans.modules.search.RepositorySearchAction</class>
					<class>org.netbeans.modules.form.actions.InstallBeanAction</class>
					<class>org.netbeans.modules.form.actions.GotoInspectorAction</class>
					<class>org.netbeans.modules.form.actions.ComponentInspectorAction</class>
					<class>org.netbeans.modules.apisupport.LocalDocsLinkAction</class>
					<class>org.netbeans.modules.apisupport.beanbrowser.BeanBrowseMasterAction</class>
					<class>org.netbeans.modules.apisupport.beanbrowser.BeanBrowseWindowAction</class>
					<class>org.netbeans.modules.apisupport.SystemActionTester</class>
					<class>org.netbeans.modules.debugger.support.actions.DebuggerViewAction</class>
					<class>org.netbeans.modules.debugger.support.actions.ConnectAction</class>
					<class>org.netbeans.modules.debugger.support.actions.SuspendResumeAction</class>
					<class>org.netbeans.modules.openfile.OpenFileAction</class>
					<class>org.netbeans.modules.url.BookmarksAction</class>
					<class>org.netbeans.modules.rmi.wizard.RMIWizardAction</class>
					<class>org.netbeans.modules.sysprops.RefreshPropsAction</class>
					<class>org.netbeans.modules.autoupdate.UpdateAction</class>
					<class>org.netbeans.modules.web.wizards.beanjsp.ide.netbeans.JSPPageWizardAction</class>
					<class>org.netbeans.modules.jarpackager.actions.JarPackagerAction</class>
					<class>org.netbeans.modules.usersguide.UGBrowseAction</class>
				</role>
			</roles>
		</candidate>
		<candidate>
			<isPattern>false</isPattern>
			<roles>
				<role name="component">
					<class>org.openide.nodes.AbstractNode</class>
				</role>
				<role name="composite">
					<class>org.netbeans.modules.antlr.nodes.GJavaNode</class>
				</role>
				<role name="leaf">
					<class>org.openide.nodes.BeanNode</class>
					<class>org.openide.nodes.IndexedNode</class>
					<class>org.openide.src.nodes.ElementNode</class>
					<class>org.openide.src.nodes.ClassElementNode</class>
					<class>org.openide.src.nodes.DefaultFactory</class>
					<class>org.openide.loaders.DataNode</class>
					<class>org.openide.actions.NewTemplateAction</class>
					<class>org.openide.actions.OpenProjectAction</class>
					<class>org.netbeans.examples.modules.synch.ElementNode</class>
					<class>org.netbeans.examples.modules.synch.SynchSetNode</class>
					<class>org.netbeans.examples.modules.synch.MainNode</class>
					<class>org.netbeans.examples.modules.minicomposer.ScoreDataNode</class>
					<class>org.netbeans.examples.modules.audioloader.AudioDataNode</class>
					<class>org.netbeans.core.ToolbarFolderNode</class>
					<class>org.netbeans.core.ServicesNode</class>
					<class>org.netbeans.core.DesktopNode</class>
					<class>org.netbeans.core.NbPlaces</class>
					<class>org.netbeans.core.FSPoolNode</class>
					<class>org.netbeans.core.LoaderPoolNode</class>
					<class>org.netbeans.core.windows.nodes.WorkspaceContext</class>
					<class>org.netbeans.core.windows.nodes.ModeContext</class>
					<class>org.netbeans.core.windows.nodes.WorkspacePoolContext</class>
					<class>org.netbeans.core.ActionsPoolNode</class>
					<class>org.netbeans.core.PackageChildren</class>
					<class>org.netbeans.core.execution.ProcessNode</class>
					<class>org.netbeans.core.execution.ProcessNodeItem</class>
					<class>org.netbeans.core.EnvironmentNode</class>
					<class>org.netbeans.core.RootFolderNode</class>
					<class>org.netbeans.core.NbNodeOperation</class>
					<class>org.netbeans.core.MainWindowNode</class>
					<class>org.netbeans.core.ModuleNode</class>
					<class>org.netbeans.core.ControlPanelNode</class>
					<class>org.netbeans.core.MenuFolderNode</class>
					<class>org.netbeans.core.DataSystem</class>
					<class>org.netbeans.beaninfo.editors.ServiceTypePanel</class>
					<class>org.netbeans.modules.jndi.WaitNode</class>
					<class>org.netbeans.modules.jndi.JndiProvidersNode</class>
					<class>org.netbeans.modules.jndi.ProviderNode</class>
					<class>org.netbeans.modules.jndi.JndiLeafNode</class>
					<class>org.netbeans.modules.jndi.JndiRootNode</class>
					<class>org.netbeans.modules.jndi.JndiFailedNode</class>
					<class>org.netbeans.modules.jndi.JndiObjectNode</class>
					<class>org.netbeans.modules.jndi.JndiNode</class>
					<class>org.netbeans.modules.jndi.JndiDataType</class>
					<class>org.netbeans.modules.jndi.JndiAbstractNode</class>
					<class>org.netbeans.modules.jndi.JndiDisabledNode</class>
					<class>org.netbeans.modules.projects.ProjectsNode</class>
					<class>org.netbeans.modules.projects.NewProjectAction</class>
					<class>org.netbeans.modules.projects.ProjectDataNode</class>
					<class>org.netbeans.modules.javadoc.search.JavaDocNode</class>
					<class>org.netbeans.modules.javadoc.search.JavaDocFSNode</class>
					<class>org.netbeans.modules.java.JavaElementNodeFactory</class>
					<class>org.netbeans.modules.java.JavaDataObject</class>
					<class>org.netbeans.modules.java.JavaNode</class>
					<class>org.netbeans.modules.html.HtmlDataObject</class>
					<class>org.netbeans.modules.corba.browser.ns.ContextNode</class>
					<class>org.netbeans.modules.corba.browser.ns.ObjectNode</class>
					<class>org.netbeans.modules.corba.IDLDataObject</class>
					<class>org.netbeans.modules.corba.IDLNode</class>
					<class>org.netbeans.modules.corba.idl.node.IDLInterfaceNode</class>
					<class>org.netbeans.modules.corba.idl.node.IDLOperationNode</class>
					<class>org.netbeans.modules.corba.idl.node.IDLDeclaratorNode</class>
					<class>org.netbeans.modules.corba.idl.node.IDLStructTypeNode</class>
					<class>org.netbeans.modules.corba.idl.node.IDLAbstractNode</class>
					<class>org.netbeans.modules.corba.idl.node.IDLAttributeNode</class>
					<class>org.netbeans.modules.corba.idl.node.IDLUnionTypeNode</class>
					<class>org.netbeans.modules.corba.idl.node.IDLExceptionNode</class>
					<class>org.netbeans.modules.corba.idl.node.IDLModuleNode</class>
					<class>org.netbeans.modules.corba.idl.node.IDLUnionMemberNode</class>
					<class>org.netbeans.modules.corba.idl.node.IDLMemberNode</class>
					<class>org.netbeans.modules.corba.idl.node.IDLEnumTypeNode</class>
					<class>org.netbeans.modules.corba.idl.node.IDLTypeNode</class>
					<class>org.netbeans.modules.corba.idl.node.IDLConstNode</class>
					<class>org.netbeans.modules.corba.idl.node.IDLInterfaceForwardNode</class>
					<class>org.netbeans.modules.beans.PatternNode</class>
					<class>org.netbeans.modules.beans.PatternsBrowserFactory</class>
					<class>org.netbeans.modules.beans.beaninfo.BiFeatureNode</class>
					<class>org.netbeans.modules.beans.beaninfo.BiNode</class>
					<class>org.netbeans.modules.beans.PatternGroupNode</class>
					<class>org.netbeans.modules.antlr.nodes.GNode</class>
					<class>org.netbeans.modules.antlr.nodes.GHtmlNode</class>
					<class>org.netbeans.modules.antlr.nodes.GTxtNode</class>
					<class>org.netbeans.modules.antlr.explorer.TokenNode</class>
					<class>org.netbeans.modules.antlr.explorer.LexicalStateNode</class>
					<class>org.netbeans.modules.form.RADLayoutNode</class>
					<class>org.netbeans.modules.form.FormDataObject</class>
					<class>org.netbeans.modules.form.RADComponentNode</class>
					<class>org.netbeans.modules.apisupport.ModuleDataNode</class>
					<class>org.netbeans.modules.apisupport.ManifestDataNode</class>
					<class>org.netbeans.modules.apisupport.CategoryNode</class>
					<class>org.netbeans.modules.apisupport.beanbrowser.Wrapper</class>
					<class>org.netbeans.modules.apisupport.beanbrowser.PropSetKids</class>
					<class>org.netbeans.modules.apisupport.beanbrowser.MainNode</class>
					<class>org.netbeans.modules.apisupport.beanbrowser.PropSet</class>
					<class>org.netbeans.modules.apisupport.beanbrowser.WrapperKids</class>
					<class>org.netbeans.modules.debugger.support.nodes.ThreadNode</class>
					<class>org.netbeans.modules.debugger.support.nodes.LocalesRootNode</class>
					<class>org.netbeans.modules.debugger.support.nodes.WatchesRootNode</class>
					<class>org.netbeans.modules.debugger.support.nodes.VariableNode</class>
					<class>org.netbeans.modules.debugger.support.nodes.CallStackLineNode</class>
					<class>org.netbeans.modules.debugger.support.nodes.ThreadGroupNode</class>
					<class>org.netbeans.modules.debugger.support.nodes.BreakpointNode</class>
					<class>org.netbeans.modules.debugger.support.nodes.DebuggerNode</class>
					<class>org.netbeans.modules.debugger.support.nodes.BreakpointsRootNode</class>
					<class>org.netbeans.modules.debugger.support.nodes.WatchNode</class>
					<class>org.netbeans.modules.debugger.support.nodes.CallStackNode</class>
					<class>org.netbeans.modules.url.BookmarksNode</class>
					<class>org.netbeans.modules.properties.PropertiesDataNode</class>
					<class>org.netbeans.modules.properties.KeyNode</class>
					<class>org.netbeans.modules.properties.FileEntryNode</class>
					<class>org.netbeans.modules.properties.PropertiesLocaleNode</class>
					<class>org.netbeans.modules.rmi.RMIDataObject</class>
					<class>org.netbeans.modules.rmi.registry.ServiceNode</class>
					<class>org.netbeans.modules.rmi.registry.RegistryItemNode</class>
					<class>org.netbeans.modules.rmi.registry.InterfaceNode</class>
					<class>org.netbeans.modules.rmi.registry.RMIRegistryNode</class>
					<class>org.netbeans.modules.rmi.RMINode</class>
					<class>org.netbeans.modules.jini.ServiceNode</class>
					<class>org.netbeans.modules.jini.InterfaceNode</class>
					<class>org.netbeans.modules.jini.DefaultNode</class>
					<class>org.netbeans.modules.sysprops.AllPropsNode</class>
					<class>org.netbeans.modules.sysprops.OnePropNode</class>
					<class>org.netbeans.modules.image.ImageDataObject</class>
					<class>org.netbeans.modules.web.core.WebNode</class>
					<class>org.netbeans.modules.web.core.jsploader.JspNode</class>
					<class>org.netbeans.modules.clazz.ClassDataNode</class>
					<class>org.netbeans.modules.clazz.ClassDataObject</class>
					<class>org.netbeans.modules.clazz.SerDataNode</class>
					<class>org.netbeans.modules.clazz.ClassElementNodeFactory</class>
					<class>org.netbeans.modules.db.explorer.nodes.DatabaseNode</class>
					<class>org.netbeans.modules.db.explorer.nodes.IndexNode</class>
					<class>org.netbeans.modules.db.explorer.nodes.ConnectionNode</class>
					<class>org.netbeans.modules.db.explorer.nodes.TableNode</class>
					<class>org.netbeans.modules.multicompile.GenericDataNode</class>
				</role>
			</roles>
		</candidate>
		<candidate>
			<isPattern>false</isPattern>
			<roles>
				<role name="component">
					<class>com.taursys.servlet.respond.Responder</class>
				</role>
				<role name="composite">
					<class>com.taursys.servlet.respond.AbstractResponder</class>
				</role>
				<role name="leaf">
					<class>com.taursys.servlet.ServletForm</class>
				</role>
			</roles>
		</candidate>
		<candidate>
			<isPattern>false</isPattern>
			<roles>
				<role name="component">
					<class>com.taursys.xml.DocumentElement</class>
				</role>
				<role name="composite">
					<class>com.taursys.xml.Template</class>
				</role>
				<role name="leaf">
					<class>com.taursys.xml.Form</class>
				</role>
			</roles>
		</candidate>
		<candidate>
			<isPattern>false</isPattern>
			<roles>
				<role name="component">
					<class>com.taursys.model.AbstractValueHolder</class>
				</role>
				<role name="composite">
					<class>com.taursys.model.ObjectArrayValueHolder</class>
				</role>
				<role name="leaf">
					<class>com.taursys.model.ObjectValueHolder</class>
				</role>
			</roles>
		</candidate>
		<candidate>
			<isPattern>false</isPattern>
			<roles>
				<role name="component">
					<class>CH.ifa.draw.standard.AbstractFigure</class>
				</role>
				<role name="composite">
					<class>CH.ifa.draw.samples.net.NodeFigure</class>
				</role>
				<role name="leaf">
					<class>CH.ifa.draw.samples.pert.PertFigure</class>
					<class>CH.ifa.draw.figures.TextFigure</class>
					<class>CH.ifa.draw.figures.PolyLineConnector</class>
					<class>CH.ifa.draw.figures.RoundRectangleFigure</class>
					<class>CH.ifa.draw.figures.ElbowConnection</class>
					<class>CH.ifa.draw.figures.AttributeFigure</class>
					<class>CH.ifa.draw.figures.GroupFigure</class>
					<class>CH.ifa.draw.figures.PolyLineFigure</class>
					<class>CH.ifa.draw.figures.ImageFigure</class>
					<class>CH.ifa.draw.figures.LineConnection</class>
					<class>CH.ifa.draw.figures.ScribbleTool</class>
					<class>CH.ifa.draw.contrib.PolygonFigure</class>
					<class>CH.ifa.draw.contrib.PolygonTool</class>
					<class>CH.ifa.draw.contrib.TriangleFigure</class>
					<class>CH.ifa.draw.standard.CompositeFigure</class>
					<class>CH.ifa.draw.standard.DecoratorFigure</class>
				</role>
			</roles>
		</candidate>
		<candidate>
			<isPattern>false</isPattern>
			<roles>
				<role name="component">
					<class>CH.ifa.draw.framework.Tool</class>
				</role>
				<role name="composite">
					<class>CH.ifa.draw.samples.javadraw.URLTool</class>
				</role>
				<role name="leaf">
					<class>CH.ifa.draw.applet.DrawApplet</class>
					<class>CH.ifa.draw.samples.javadraw.JavaDrawViewer</class>
					<class>CH.ifa.draw.samples.javadraw.JavaDrawApp</class>
					<class>CH.ifa.draw.framework.DrawingView</class>
					<class>CH.ifa.draw.framework.DrawingEditor</class>
					<class>CH.ifa.draw.application.DrawApplication</class>
					<class>CH.ifa.draw.figures.TextTool</class>
					<class>CH.ifa.draw.figures.ScribbleTool</class>
					<class>CH.ifa.draw.contrib.PolygonTool</class>
					<class>CH.ifa.draw.standard.ConnectionTool</class>
					<class>CH.ifa.draw.standard.ToolButton</class>
					<class>CH.ifa.draw.standard.SelectAreaTracker</class>
					<class>CH.ifa.draw.standard.DragTracker</class>
					<class>CH.ifa.draw.standard.AbstractTool</class>
					<class>CH.ifa.draw.standard.SelectionTool</class>
					<class>CH.ifa.draw.standard.StandardDrawingView</class>
					<class>CH.ifa.draw.standard.HandleTracker</class>
				</role>
			</roles>
		</candidate>
		<candidate>
			<isPattern>false</isPattern>
			<roles>
				<role name="component">
					<class>CH.ifa.draw.standard.CompositeFigure</class>
				</role>
				<role name="composite">
					<class>CH.ifa.draw.samples.pert.PertFigure</class>
				</role>
				<role name="leaf">
					<class>CH.ifa.draw.samples.javadraw.BouncingDrawing</class>
					<class>CH.ifa.draw.figures.GroupFigure</class>
					<class>CH.ifa.draw.figures.GroupCommand</class>
					<class>CH.ifa.draw.standard.StandardDrawing</class>
				</role>
			</roles>
		</candidate>
		<candidate>
			<isPattern>false</isPattern>
			<roles>
				<role name="component">
					<class>junit.framework.TestCase</class>
				</role>
				<role name="composite">
					<class>junit.tests.ExtensionTest</class>
				</role>
				<role name="leaf">
					<class>junit.tests.Success</class>
					<class>junit.tests.ActiveTestTest</class>
					<class>junit.tests.TextRunnerTest</class>
					<class>junit.tests.NotPublicTestCase</class>
					<class>junit.tests.OneTestCase</class>
					<class>junit.tests.SuiteTest</class>
					<class>junit.tests.TestListenerTest</class>
					<class>junit.tests.TestCaseTest</class>
					<class>junit.tests.TestCaseClassLoaderTest</class>
					<class>junit.tests.SorterTest</class>
					<class>junit.tests.StackFilterTest</class>
					<class>junit.tests.WasRun</class>
					<class>junit.tests.NotVoidTestCase</class>
					<class>junit.tests.Failure</class>
					<class>junit.tests.AssertTest</class>
					<class>junit.tests.ExceptionTestCaseTest</class>
					<class>junit.tests.NoTestCases</class>
					<class>junit.tests.TestImplementorTest</class>
					<class>junit.tests.RepeatedTestTest</class>
					<class>junit.swingui.TestRunner</class>
					<class>junit.extensions.ExceptionTestCase</class>
					<class>junit.awtui.TestRunner</class>
					<class>junit.samples.money.MoneyTest</class>
					<class>junit.samples.VectorTest</class>
					<class>junit.samples.SimpleTest</class>
					<class>junit.framework.TestResult</class>
				</role>
			</roles>
		</candidate>
		<candidate>
			<isPattern>false</isPattern>
			<roles>
				<role name="component">
					<class>junit.framework.TestCase</class>
				</role>
				<role name="composite">
					<class>junit.tests.NotPublicTestCase</class>
				</role>
				<role name="leaf">
					<class>junit.tests.Success</class>
					<class>junit.tests.ActiveTestTest</class>
					<class>junit.tests.TextRunnerTest</class>
					<class>junit.tests.OneTestCase</class>
					<class>junit.tests.SuiteTest</class>
					<class>junit.tests.TestListenerTest</class>
					<class>junit.tests.TestCaseTest</class>
					<class>junit.tests.ExtensionTest</class>
					<class>junit.tests.TestCaseClassLoaderTest</class>
					<class>junit.tests.SorterTest</class>
					<class>junit.tests.StackFilterTest</class>
					<class>junit.tests.WasRun</class>
					<class>junit.tests.NotVoidTestCase</class>
					<class>junit.tests.Failure</class>
					<class>junit.tests.AssertTest</class>
					<class>junit.tests.ExceptionTestCaseTest</class>
					<class>junit.tests.NoTestCases</class>
					<class>junit.tests.TestImplementorTest</class>
					<class>junit.tests.RepeatedTestTest</class>
					<class>junit.swingui.TestRunner</class>
					<class>junit.extensions.ExceptionTestCase</class>
					<class>junit.awtui.TestRunner</class>
					<class>junit.samples.money.MoneyTest</class>
					<class>junit.samples.VectorTest</class>
					<class>junit.samples.SimpleTest</class>
					<class>junit.framework.TestResult</class>
				</role>
			</roles>
		</candidate>
		<candidate>
			<isPattern>false</isPattern>
			<roles>
				<role name="component">
					<class>junit.framework.Test</class>
				</role>
				<role name="composite">
					<class>junit.tests.RepeatedTestTest</class>
				</role>
				<role name="leaf">
					<class>junit.tests.AllTests</class>
					<class>junit.tests.ActiveTestTest</class>
					<class>junit.tests.SuiteTest</class>
					<class>junit.tests.TestListenerTest</class>
					<class>junit.tests.TestImplementorTest</class>
					<class>junit.swingui.TestRunner</class>
					<class>junit.swingui.TestHierarchyRunView</class>
					<class>junit.swingui.TestTreeModel</class>
					<class>junit.swingui.FailureRunView</class>
					<class>junit.swingui.TestRunContext</class>
					<class>junit.swingui.TestRunView</class>
					<class>junit.swingui.TestSuitePanel</class>
					<class>junit.textui.TestRunner</class>
					<class>junit.extensions.ActiveTestSuite</class>
					<class>junit.extensions.RepeatedTest</class>
					<class>junit.extensions.TestDecorator</class>
					<class>junit.runner.BaseTestRunner</class>
					<class>junit.awtui.TestRunner</class>
					<class>junit.samples.AllTests</class>
					<class>junit.samples.VectorTest</class>
					<class>junit.samples.SimpleTest</class>
					<class>junit.framework.TestListener</class>
					<class>junit.framework.TestResult</class>
					<class>junit.framework.TestSuite</class>
					<class>junit.framework.TestFailure</class>
					<class>junit.framework.TestCase</class>
				</role>
			</roles>
		</candidate>
		<candidate>
			<isPattern>false</isPattern>
			<roles>
				<role name="component">
					<class>diagram.figures.PolyLink</class>
				</role>
				<role name="composite">
					<class>uml.diagram.GeneralizationLink</class>
				</role>
				<role name="leaf">
					<class>uml.diagram.SinkLabelRenderer</class>
					<class>uml.diagram.AssociationLink</class>
					<class>uml.diagram.DependencyLink</class>
					<class>uml.diagram.RealizationLink</class>
					<class>uml.diagram.CompositionLink</class>
					<class>diagram.tool.LinkShappingTool</class>
					<class>diagram.tool.LinkTool</class>
					<class>diagram.LinkLabel</class>
					<class>diagram.DefaultLinkRenderer</class>
					<class>diagram.DefaultLabelRenderer</class>
				</role>
			</roles>
		</candidate>
		<candidate>
			<isPattern>false</isPattern>
			<roles>
				<role name="component">
					<class>diagram.FigureRenderer</class>
				</role>
				<role name="composite">
					<class>diagram.DefaultLabelRenderer</class>
				</role>
				<role name="leaf">
					<class>diagram.DiagramUI</class>
					<class>diagram.LinkLabel</class>
					<class>diagram.DefaultLinkRenderer</class>
					<class>diagram.DefaultFigureRenderer</class>
					<class>diagram.Diagram</class>
					<class>diagram.DefaultFigureEditor</class>
					<class>diagram.DefaultLinkEditor</class>
				</role>
			</roles>
		</candidate>
		<candidate>
			<isPattern>false</isPattern>
			<roles>
				<role name="component">
					<class>diagram.DefaultLabelRenderer</class>
				</role>
				<role name="composite">
					<class>uml.diagram.SinkLabelRenderer</class>
				</role>
				<role name="leaf">
					<class>diagram.DefaultLinkRenderer</class>
					<class>diagram.DefaultLinkEditor</class>
				</role>
			</roles>
		</candidate>
		<candidate>
			<isPattern>false</isPattern>
			<roles>
				<role name="component">
					<class>uml.builder.AbstractBuilder</class>
				</role>
				<role name="composite">
					<class>uml.builder.CompositionBuilder</class>
				</role>
				<role name="leaf">
					<class>uml.builder.InheritanceBuilder</class>
					<class>uml.builder.ClassBuilder</class>
					<class>uml.builder.AssociationBuilder</class>
				</role>
			</roles>
		</candidate>
		<candidate>
			<isPattern>false</isPattern>
			<roles>
				<role name="component">
					<class>uml.builder.CodeBuilder</class>
				</role>
				<role name="composite">
					<class>uml.builder.RealizationBuilder</class>
				</role>
				<role name="leaf">
					<class>uml.builder.ObjectBuilder</class>
					<class>uml.builder.CPlusPlusBuilder</class>
					<class>uml.builder.JavaBuilder</class>
					<class>uml.builder.AbstractBuilder</class>
				</role>
			</roles>
		</candidate>
		<candidate>
			<isPattern>false</isPattern>
			<roles>
				<role name="component">
					<class>diagram.tool.LinkTool</class>
				</role>
				<role name="composite">
					<class>uml.ui.RealizationTool</class>
				</role>
				<role name="leaf">
					<class>uml.ui.CompositionTool</class>
					<class>uml.ui.AssociationTool</class>
					<class>uml.ui.DependencyTool</class>
					<class>uml.ui.GeneralizationTool</class>
				</role>
			</roles>
		</candidate>
	</candidates>
</patternData>
