<patternData>
	<projectPath></projectPath>
	<pattern>Decorator</pattern>
	<roles>
		<role>component</role>
		<role>concretecomponent</role>
		<role>decorator</role>
		<role>concretedecorator</role>
	</roles>
	<candidates>
		<candidate>
			<isPattern>true</isPattern>
			<roles>
				<role name="component">
					<class>junit.framework.Test</class>
				</role>
				<role name="concretecomponent">
					<class>junit.tests.TestImplementorTest$DoubleTestCase</class>
					<class>junit.tests.ActiveTestTest</class>
					<class>junit.tests.AssertTest</class>
					<class>junit.extensions.ExceptionTestCase</class>
					<class>junit.tests.ExceptionTestCaseTest$ThrowExceptionTestCase</class>
					<class>junit.tests.ExceptionTestCaseTest$ThrowNoExceptionTestCase</class>
					<class>junit.tests.ExceptionTestCaseTest$ThrowRuntimeExceptionTestCase</class>
					<class>junit.tests.ExceptionTestCaseTest</class>
					<class>junit.tests.ExtensionTest</class>
					<class>junit.tests.Failure</class>
					<class>junit.samples.money.MoneyTest</class>
					<class>junit.tests.NoTestCases</class>
					<class>junit.tests.NotPublicTestCase</class>
					<class>junit.tests.NotVoidTestCase</class>
					<class>junit.tests.OneTestCase</class>
					<class>junit.tests.InheritedTestCase</class>
					<class>junit.tests.OverrideTestCase</class>
					<class>junit.tests.RepeatedTestTest</class>
					<class>junit.samples.SimpleTest</class>
					<class>junit.tests.SorterTest</class>
					<class>junit.tests.StackFilterTest</class>
					<class>junit.tests.Success</class>
					<class>junit.tests.ActiveTestTest$SuccessTest</class>
					<class>junit.tests.RepeatedTestTest$SuccessTest</class>
					<class>junit.tests.SuiteTest</class>
					<class>junit.tests.TestCaseClassLoaderTest</class>
					<class>junit.tests.TestCaseTest</class>
					<class>junit.tests.TestImplementorTest</class>
					<class>junit.tests.TestListenerTest</class>
					<class>junit.tests.TextRunnerTest</class>
					<class>junit.tests.ExtensionTest$TornDown</class>
					<class>junit.samples.VectorTest</class>
					<class>junit.tests.WasRun</class>
				</role>
				<role name="decorator">
					<class>junit.extensions.TestDecorator</class>
				</role>
				<role name="concretedecorator">
					<class>junit.extensions.RepeatedTest</class>
					<class>junit.extensions.TestSetup</class>
					<class>junit.tests.ExtensionTest$TornDown</class>
				</role>
			</roles>
		</candidate>
		<candidate>
			<isPattern>true</isPattern>
			<roles>
				<role name="component">
					<class>CH.ifa.draw.framework.Figure</class>
				</role>
				<role name="concretecomponent">
					<class>CH.ifa.draw.figures.EllipseFigure</class>
					<class>CH.ifa.draw.figures.ImageFigure</class>
					<class>CH.ifa.draw.contrib.PolygonFigure</class>
					<class>CH.ifa.draw.figures.RectangleFigure</class>
					<class>CH.ifa.draw.contrib.DiamondFigure</class>
					<class>CH.ifa.draw.contrib.TriangleFigure</class>
					<class>CH.ifa.draw.figures.RoundRectangleFigure</class>
					<class>CH.ifa.draw.figures.TextFigure</class>
					<class>CH.ifa.draw.samples.net.NodeFigure</class>
					<class>CH.ifa.draw.figures.NumberTextFigure</class>
					<class>CH.ifa.draw.figures.GroupFigure</class>
					<class>CH.ifa.draw.samples.pert.PertFigure</class>
					<class>CH.ifa.draw.standard.StandardDrawing</class>
					<class>CH.ifa.draw.samples.javadraw.BouncingDrawing</class>
					<class>CH.ifa.draw.figures.PolyLineFigure</class>
					<class>CH.ifa.draw.figures.LineConnection</class>
					<class>CH.ifa.draw.figures.ElbowConnection</class>
					<class>CH.ifa.draw.samples.pert.PertDependency</class>
					<class>CH.ifa.draw.figures.LineFigure</class>
					<class>CH.ifa.draw.figures.LineConnection</class>
					<class>CH.ifa.draw.figures.ElbowConnection</class>
					<class>CH.ifa.draw.samples.pert.PertDependency</class>
				</role>
				<role name="decorator">
					<class>CH.ifa.draw.standard.DecoratorFigure</class>
				</role>
				<role name="concretedecorator">
					<class>CH.ifa.draw.samples.javadraw.AnimationDecorator</class>
					<class>CH.ifa.draw.figures.BorderDecorator</class>
				</role>
			</roles>
		</candidate>
		<candidate>
			<isPattern>false</isPattern>
			<roles>
				<role name="component">
					<class>CH.ifa.draw.util.PaletteListener</class>
				</role>
				<role name="concretecomponent">
					<class>CH.ifa.draw.applet.DrawApplet</class>
					<class>CH.ifa.draw.util.PaletteButton</class>
				</role>
				<role name="decorator">
					<class>CH.ifa.draw.application.DrawApplication</class>
				</role>
				<role name="concretedecorator">
					<class>CH.ifa.draw.samples.pert.PertApplication</class>
					<class>CH.ifa.draw.samples.net.NetApp</class>
					<class>CH.ifa.draw.samples.javadraw.JavaDrawApp</class>
					<class>CH.ifa.draw.samples.nothing.NothingApp</class>
				</role>
			</roles>
		</candidate>
		<candidate>
			<isPattern>false</isPattern>
			<roles>
				<role name="component">
					<class>CH.ifa.draw.util.Storable</class>
				</role>
				<role name="concretecomponent">
					<class>CH.ifa.draw.framework.Locator</class>
					<class>CH.ifa.draw.framework.Drawing</class>
					<class>CH.ifa.draw.framework.Connector</class>
					<class>CH.ifa.draw.framework.Figure</class>
					<class>CH.ifa.draw.figures.LineDecoration</class>
					<class>CH.ifa.draw.standard.ConnectionTool</class>
					<class>CH.ifa.draw.standard.OffsetLocator</class>
					<class>CH.ifa.draw.standard.RelativeLocator</class>
					<class>CH.ifa.draw.standard.ConnectionHandle</class>
					<class>CH.ifa.draw.standard.CreationTool</class>
					<class>CH.ifa.draw.util.StorableInput</class>
					<class>CH.ifa.draw.util.StorableOutput</class>
				</role>
				<role name="decorator">
					<class>CH.ifa.draw.standard.AbstractLocator</class>
				</role>
				<role name="concretedecorator">
					<class>CH.ifa.draw.figures.PolyLineLocator</class>
					<class>CH.ifa.draw.figures.ElbowTextLocator</class>
					<class>CH.ifa.draw.standard.OffsetLocator</class>
					<class>CH.ifa.draw.standard.RelativeLocator</class>
				</role>
			</roles>
		</candidate>
		<candidate>
			<isPattern>false</isPattern>
			<roles>
				<role name="component">
					<class>CH.ifa.draw.standard.AbstractTool</class>
				</role>
				<role name="concretecomponent">
					<class>CH.ifa.draw.samples.javadraw.FollowURLTool</class>
					<class>CH.ifa.draw.samples.javadraw.MySelectionTool</class>
					<class>CH.ifa.draw.samples.javadraw.URLTool</class>
					<class>CH.ifa.draw.figures.ConnectedTextTool</class>
					<class>CH.ifa.draw.figures.TextTool</class>
					<class>CH.ifa.draw.figures.ScribbleTool</class>
					<class>CH.ifa.draw.contrib.PolygonTool</class>
					<class>CH.ifa.draw.standard.ConnectionTool</class>
					<class>CH.ifa.draw.standard.CreationTool</class>
					<class>CH.ifa.draw.standard.SelectAreaTracker</class>
					<class>CH.ifa.draw.standard.DragTracker</class>
					<class>CH.ifa.draw.standard.SelectionTool</class>
					<class>CH.ifa.draw.standard.HandleTracker</class>
				</role>
				<role name="decorator">
					<class>CH.ifa.draw.standard.ActionTool</class>
				</role>
				<role name="concretedecorator">
					<class>CH.ifa.draw.figures.BorderTool</class>
				</role>
			</roles>
		</candidate>
		<candidate>
			<isPattern>false</isPattern>
			<roles>
				<role name="component">
					<class>junit.framework.TestCase</class>
				</role>
				<role name="concretecomponent">
					<class>junit.tests.Success</class>
					<class>junit.tests.ActiveTestTest</class>
					<class>junit.tests.TextRunnerTest</class>
					<class>junit.tests.NotPublicTestCase</class>
					<class>junit.tests.SuiteTest</class>
					<class>junit.tests.TestListenerTest</class>
					<class>junit.tests.TestCaseTest</class>
					<class>junit.tests.ExtensionTest</class>
					<class>junit.tests.TestCaseClassLoaderTest</class>
					<class>junit.tests.SorterTest</class>
					<class>junit.tests.StackFilterTest</class>
					<class>junit.tests.WasRun</class>
					<class>junit.tests.NotVoidTestCase</class>
					<class>junit.tests.Failure</class>
					<class>junit.tests.AssertTest</class>
					<class>junit.tests.ExceptionTestCaseTest</class>
					<class>junit.tests.NoTestCases</class>
					<class>junit.tests.TestImplementorTest</class>
					<class>junit.tests.RepeatedTestTest</class>
					<class>junit.swingui.TestRunner</class>
					<class>junit.extensions.ExceptionTestCase</class>
					<class>junit.awtui.TestRunner</class>
					<class>junit.samples.money.MoneyTest</class>
					<class>junit.samples.VectorTest</class>
					<class>junit.samples.SimpleTest</class>
					<class>junit.framework.TestResult</class>
				</role>
				<role name="decorator">
					<class>junit.tests.OneTestCase</class>
				</role>
				<role name="concretedecorator">
					<class>junit.tests.OverrideTestCase</class>
					<class>junit.tests.InheritedTestCase</class>
				</role>
			</roles>
		</candidate>
		<candidate>
			<isPattern>false</isPattern>
			<roles>
				<role name="component">
					<class>junit.runner.BaseTestRunner</class>
				</role>
				<role name="concretecomponent">
					<class>junit.tests.AllTests</class>
					<class>junit.tests.StackFilterTest</class>
					<class>junit.swingui.TestRunner</class>
					<class>junit.swingui.DefaultFailureDetailView</class>
					<class>junit.textui.TestRunner</class>
				</role>
				<role name="decorator">
					<class>junit.awtui.TestRunner</class>
				</role>
				<role name="concretedecorator">
					<class>junit.ui.TestRunner</class>
				</role>
			</roles>
		</candidate>
		<candidate>
			<isPattern>false</isPattern>
			<roles>
				<role name="component">
					<class>junit.runner.TestCollector</class>
				</role>
				<role name="concretecomponent">
					<class>junit.swingui.TestRunner</class>
					<class>junit.swingui.TestSelector</class>
				</role>
				<role name="decorator">
					<class>junit.runner.ClassPathTestCollector</class>
				</role>
				<role name="concretedecorator">
					<class>junit.runner.LoadingTestCollector</class>
					<class>junit.runner.SimpleTestCollector</class>
				</role>
			</roles>
		</candidate>
	</candidates>
</patternData>
