<patternData>
	<projectPath></projectPath>
	<pattern>Template Method</pattern>
	<roles>
		<role>abstractclass</role>
		<role>concreteclass</role>
	</roles>
	<candidates>
		<candidate>
			<isPattern>true</isPattern>
			<roles>
				<role name="abstractclass">
					<class>com.taursys.xml.Container</class>
				</role>
				<role name="concreteclass">
					<class>com.taursys.xml.DispatchingContainer</class>
					<class>com.taursys.xml.DocumentElement</class>
					<class>com.taursys.xml.Form</class>
					<class>com.taursys.servlet.ServletForm</class>
					<class>com.taursys.servlet.DefaultMessageForm</class>
					<class>com.taursys.xml.Template</class>
				</role>
			</roles>
		</candidate>
		<candidate>
			<isPattern>true</isPattern>
			<roles>
				<role name="abstractclass">
					<class>com.taursys.xml.event.Dispatcher</class>
				</role>
				<role name="concreteclass">
					<class>com.taursys.xml.event.CloseFormDispatcher</class>
					<class>com.taursys.xml.event.InitContextDispatcher</class>
					<class>com.taursys.xml.event.InitFormDispatcher</class>
					<class>com.taursys.xml.event.InputDispatcher</class>
					<class>com.taursys.xml.event.TemplateInputDispatcher</class>
					<class>com.taursys.xml.event.OpenFormDispatcher</class>
					<class>com.taursys.xml.event.ParameterDispatcher</class>
					<class>com.taursys.xml.event.RecycleDispatcher</class>
					<class>com.taursys.xml.event.RenderDispatcher</class>
					<class>com.taursys.servlet.ServletInputDispatcher</class>
					<class>com.taursys.servlet.ServletParameterDispatcher</class>
					<class>com.taursys.servlet.ServletTriggerDispatcher</class>
					<class>com.taursys.xml.event.TriggerDispatcher</class>
					<class>com.taursys.xml.event.TemplateTriggerDispatcher</class>
				</role>
			</roles>
		</candidate>
		<candidate>
			<isPattern>true</isPattern>
			<roles>
				<role name="abstractclass">
					<class>net.nutch.db.DistributedWebDBReader$EnumCall</class>
				</role>
				<role name="concreteclass">
					<class>net.nutch.db.DistributedWebDBReader$PageEnumCall</class>
					<class>net.nutch.db.DistributedWebDBReader$PageByMD5EnumCall</class>
					<class>net.nutch.db.DistributedWebDBReader$LinkEnumCall</class>
				</role>
			</roles>
		</candidate>
		<candidate>
			<isPattern>true</isPattern>
			<roles>
				<role name="abstractclass">
					<class>net.nutch.db.DistributedWebDBWriter$CloseProcessor</class>
				</role>
				<role name="concreteclass">
					<class>net.nutch.db.DistributedWebDBWriter$PagesByURLProcessor</class>
					<class>net.nutch.db.DistributedWebDBWriter$PagesByMD5Processor</class>
					<class>net.nutch.db.DistributedWebDBWriter$LinksByURLProcessor</class>
					<class>net.nutch.db.DistributedWebDBWriter$LinksByMD5Processor</class>
				</role>
			</roles>
		</candidate>
		<candidate>
			<isPattern>true</isPattern>
			<roles>
				<role name="abstractclass">
					<class>net.nutch.db.EditSectionGroupWriter$KeyExtractor</class>
				</role>
				<role name="concreteclass">
					<class>net.nutch.db.EditSectionGroupWriter$PageURLExtractor</class>
					<class>net.nutch.db.EditSectionGroupWriter$PageMD5Extractor</class>
					<class>net.nutch.db.EditSectionGroupWriter$LinkURLExtractor</class>
					<class>net.nutch.db.EditSectionGroupWriter$LinkMD5Extractor</class>
				</role>
			</roles>
		</candidate>
		<candidate>
			<isPattern>true</isPattern>
			<roles>
				<role name="abstractclass">
					<class>CH.ifa.draw.standard.AbstractFigure</class>
				</role>
				<role name="concreteclass">
					<class>CH.ifa.draw.figures.EllipseFigure</class>
					<class>CH.ifa.draw.figures.ImageFigure</class>
					<class>CH.ifa.draw.contrib.PolygonFigure</class>
					<class>CH.ifa.draw.figures.RectangleFigure</class>
					<class>CH.ifa.draw.contrib.DiamondFigure</class>
					<class>CH.ifa.draw.contrib.TriangleFigure</class>
					<class>CH.ifa.draw.figures.RoundRectangleFigure</class>
					<class>CH.ifa.draw.figures.TextFigure</class>
					<class>CH.ifa.draw.samples.net.NodeFigure</class>
					<class>CH.ifa.draw.figures.NumberTextFigure</class>
					<class>CH.ifa.draw.figures.GroupFigure</class>
					<class>CH.ifa.draw.samples.pert.PertFigure</class>
					<class>CH.ifa.draw.standard.StandardDrawing</class>
					<class>CH.ifa.draw.samples.javadraw.BouncingDrawing</class>
					<class>CH.ifa.draw.samples.javadraw.AnimationDecorator</class>
					<class>CH.ifa.draw.figures.BorderDecorator</class>
					<class>CH.ifa.draw.figures.PolyLineFigure</class>
					<class>CH.ifa.draw.figures.LineConnection</class>
					<class>CH.ifa.draw.figures.ElbowConnection</class>
					<class>CH.ifa.draw.samples.pert.PertDependency</class>
					<class>CH.ifa.draw.figures.LineFigure</class>
					<class>CH.ifa.draw.figures.LineConnection</class>
					<class>CH.ifa.draw.figures.ElbowConnection</class>
					<class>CH.ifa.draw.samples.pert.PertDependency</class>
				</role>
			</roles>
		</candidate>
		<candidate>
			<isPattern>true</isPattern>
			<roles>
				<role name="abstractclass">
					<class>CH.ifa.draw.figures.AttributeFigure</class>
				</role>
				<role name="concreteclass">
					<class>CH.ifa.draw.figures.EllipseFigure</class>
					<class>CH.ifa.draw.figures.ImageFigure</class>
					<class>CH.ifa.draw.contrib.PolygonFigure</class>
					<class>CH.ifa.draw.figures.RectangleFigure</class>
					<class>CH.ifa.draw.contrib.DiamondFigure</class>
					<class>CH.ifa.draw.contrib.TriangleFigure</class>
					<class>CH.ifa.draw.figures.RoundRectangleFigure</class>
					<class>CH.ifa.draw.figures.TextFigure</class>
					<class>CH.ifa.draw.samples.net.NodeFigure</class>
					<class>CH.ifa.draw.figures.NumberTextFigure</class>
				</role>
			</roles>
		</candidate>
		<candidate>
			<isPattern>true</isPattern>
			<roles>
				<role name="abstractclass">
					<class>CH.ifa.draw.standard.AbstractHandle</class>
				</role>
				<role name="concreteclass">
					<class>CH.ifa.draw.figures.ElbowHandle</class>
					<class>CH.ifa.draw.contrib.PolygonScaleHandle</class>
					<class>CH.ifa.draw.figures.RadiusHandle</class>
					<class>CH.ifa.draw.contrib.TriangleRotationHandle</class>
					<class>CH.ifa.draw.standard.ChangeConnectionHandle</class>
				</role>
			</roles>
		</candidate>
		<candidate>
			<isPattern>true</isPattern>
			<roles>
				<role name="abstractclass">
					<class>acme.ImageEncoder</class>
				</role>
				<role name="concreteclass">
					<class>acme.GifEncoder</class>
				</role>
			</roles>
		</candidate>
		<candidate>
			<isPattern>true</isPattern>
			<roles>
				<role name="abstractclass">
					<class>diagram.shape.PolyLine2D</class>
				</role>
				<role name="concreteclass">
					<class>diagram.shape.PolyLine2D$Double</class>
				</role>
			</roles>
		</candidate>
		<candidate>
			<isPattern>true</isPattern>
			<roles>
				<role name="abstractclass">
					<class>uml.ui.PrintableAction</class>
				</role>
				<role name="concreteclass">
					<class>uml.ui.ScaledPrintableAction</class>
				</role>
			</roles>
		</candidate>
		<candidate>
			<isPattern>true</isPattern>
			<roles>
				<role name="abstractclass">
					<class>com.taursys.model.AbstractValueHolder</class>
				</role>
				<role name="concreteclass">
					<class>com.taursys.model.ObjectArrayValueHolder</class>
					<class>com.taursys.model.ObjectValueHolder</class>
				</role>
			</roles>
		</candidate>
		<candidate>
			<isPattern>true</isPattern>
			<roles>
				<role name="abstractclass">
					<class>org.acm.seguin.metrics.MetricsReport</class>
				</role>
				<role name="concreteclass">
					<class>org.acm.seguin.metrics.CommaDelimitedReport</class>
				</role>
			</roles>
		</candidate>
		<candidate>
			<isPattern>true</isPattern>
			<roles>
				<role name="abstractclass">
					<class>org.acm.seguin.pretty.PrettyPrintFromIDE</class>
				</role>
				<role name="concreteclass">
					<class>org.acm.seguin.ide.elixir.ElixirPrettyPrinter</class>
				</role>
			</roles>
		</candidate>
		<candidate>
			<isPattern>true</isPattern>
			<roles>
				<role name="abstractclass">
					<class>org.acm.seguin.pretty.sort.Ordering</class>
				</role>
				<role name="concreteclass">
					<class>org.acm.seguin.pretty.sort.TopLevelOrdering</class>
					<class>org.acm.seguin.pretty.sort.FieldInitializerOrder</class>
				</role>
			</roles>
		</candidate>
		<candidate>
			<isPattern>true</isPattern>
			<roles>
				<role name="abstractclass">
					<class>org.acm.seguin.print.xml.State</class>
				</role>
				<role name="concreteclass">
					<class>org.acm.seguin.print.xml.QuoteAttributeValueState</class>
					<class>org.acm.seguin.print.xml.TagState</class>
					<class>org.acm.seguin.print.xml.TextState</class>
					<class>org.acm.seguin.print.xml.AttributeValueState</class>
					<class>org.acm.seguin.print.xml.AttributeState</class>
				</role>
			</roles>
		</candidate>
		<candidate>
			<isPattern>true</isPattern>
			<roles>
				<role name="abstractclass">
					<class>junit.runner.BaseTestRunner</class>
				</role>
				<role name="concreteclass">
					<class>junit.swingui.TestRunner</class>
					<class>junit.textui.TestRunner</class>
					<class>junit.awtui.TestRunner</class>
				</role>
			</roles>
		</candidate>
		<candidate>
			<isPattern>true</isPattern>
			<roles>
				<role name="abstractclass">
					<class>org.netbeans.editor.BaseAction</class>
				</role>
				<role name="concreteclass">
					<class>org.netbeans.editor.ActionFactory$SelectIdentifierAction</class>
					<class>org.netbeans.editor.BaseKit$CopyAction</class>
					<class>org.netbeans.editor.ext.JavaKit$CommentAction</class>
					<class>org.netbeans.editor.BaseKit$ForwardAction</class>
					<class>org.netbeans.editor.view.ViewSettings$FindAction</class>
					<class>org.netbeans.editor.view.ViewSettings$GotoAction</class>
					<class>org.netbeans.editor.BaseKit$CutAction</class>
					<class>org.netbeans.editor.ActionFactory$AdjustWindowAction</class>
					<class>org.netbeans.modules.editor.java.NbEditorJavaKit$GotoSourceAction</class>
					<class>org.netbeans.editor.BaseKit$PasteAction</class>
					<class>org.netbeans.editor.ActionFactory$BracketMatchAction</class>
					<class>org.netbeans.editor.ActionFactory$FindSelectionAction</class>
					<class>org.netbeans.editor.ActionFactory$GotoNextBookmarkAction</class>
					<class>org.netbeans.editor.ActionFactory$RemoveTabAction</class>
					<class>org.netbeans.editor.ActionFactory$JumpListPrevAction</class>
					<class>org.netbeans.editor.ActionFactory$WordMatchAction</class>
					<class>org.netbeans.editor.ext.JavaKit$JCompletionShowHelpAction</class>
					<class>org.netbeans.editor.ActionFactory$ScrollDownAction</class>
					<class>org.netbeans.editor.BaseKit$EndWordAction</class>
					<class>org.netbeans.editor.view.DialogActions$GotoAction</class>
					<class>org.netbeans.editor.BaseKit$PreviousWordAction</class>
					<class>org.netbeans.editor.BaseKit$PageDownAction</class>
					<class>org.netbeans.editor.BaseKit$InsertStringAction</class>
					<class>org.netbeans.editor.ActionFactory$SelectNextParameterAction</class>
					<class>org.netbeans.editor.view.DefaultBuildPopupMenuAction</class>
					<class>org.netbeans.editor.view.DefaultBuildToolTipAction</class>
					<class>org.netbeans.editor.BaseKit$BackwardAction</class>
					<class>org.netbeans.editor.BaseKit$ReadOnlyAction</class>
					<class>org.netbeans.editor.ext.JavaKit$AbbrevDebugLineAction</class>
					<class>org.netbeans.editor.BaseKit$BeginWordAction</class>
					<class>org.netbeans.editor.BaseKit$CompoundAction</class>
					<class>org.netbeans.editor.ActionFactory$ChangeCaseAction</class>
					<class>org.netbeans.editor.view.ViewSettings$ReplaceAction</class>
					<class>org.netbeans.editor.ActionFactory$JumpListNextComponentAction</class>
					<class>org.netbeans.modules.editor.java.NbEditorJavaKit$GotoHelpAction</class>
					<class>org.netbeans.editor.ActionFactory$ShiftLineAction</class>
					<class>org.netbeans.editor.ext.JavaKit$PrefixMakerAction</class>
					<class>org.netbeans.editor.ActionFactory$LastNonWhiteAction</class>
					<class>org.netbeans.editor.ActionFactory$ToggleBookmarkAction</class>
					<class>org.netbeans.editor.ActionFactory$BraceCodeSelectAction</class>
					<class>org.netbeans.editor.ActionFactory$UndoAction</class>
					<class>org.netbeans.editor.ActionFactory$RemoveWordAction</class>
					<class>org.netbeans.editor.ActionFactory$JumpListPrevComponentAction</class>
					<class>org.netbeans.editor.ext.ExtActionFactory$GotoDeclarationAction</class>
					<class>org.netbeans.editor.BaseKit$UpAction</class>
					<class>org.netbeans.editor.ActionFactory$JumpListNextAction</class>
					<class>org.netbeans.editor.BaseKit$DeleteCharAction</class>
					<class>org.netbeans.editor.ActionFactory$ToggleHighlightSearchAction</class>
					<class>org.netbeans.editor.ActionFactory$RemoveLineBeginAction</class>
					<class>org.netbeans.editor.ActionFactory$RemoveSelectionAction</class>
					<class>org.netbeans.editor.ActionFactory$AbbrevResetAction</class>
					<class>org.netbeans.editor.BaseKit$BeginLineAction</class>
					<class>org.netbeans.editor.ActionFactory$FindPreviousAction</class>
					<class>org.netbeans.editor.ActionFactory$ScrollUpAction</class>
					<class>org.netbeans.editor.BaseKit$KitCompoundAction</class>
					<class>org.netbeans.modules.editor.java.NbEditorJavaKit$AddWatchAction</class>
					<class>org.netbeans.editor.ext.JavaKit$UncommentAction</class>
					<class>org.netbeans.editor.view.DialogActions$ReplaceAction</class>
					<class>org.netbeans.editor.BaseKit$WritableAction</class>
					<class>org.netbeans.editor.BaseKit$InsertBreakAction</class>
					<class>org.netbeans.editor.BaseKit$EndAction</class>
					<class>org.netbeans.editor.BaseKit$PageUpAction</class>
					<class>org.netbeans.editor.BaseKit$BeepAction</class>
					<class>org.netbeans.modules.editor.java.NbEditorJavaKit$ToggleBreakpointAction</class>
					<class>org.netbeans.editor.view.DialogActions$FindAction</class>
					<class>org.netbeans.editor.ActionFactory$AbbrevExpandAction</class>
					<class>org.netbeans.editor.ActionFactory$FirstNonWhiteAction</class>
					<class>org.netbeans.editor.ActionFactory$AdjustCaretAction</class>
					<class>org.netbeans.editor.BaseKit$BeginAction</class>
					<class>org.netbeans.editor.ActionFactory$FindNextAction</class>
					<class>org.netbeans.editor.ext.JavaKit$JCompletionHideAction</class>
					<class>org.netbeans.editor.BaseKit$InsertContentAction</class>
					<class>org.netbeans.editor.ActionFactory$RedoAction</class>
					<class>org.netbeans.editor.BaseKit$DefaultKeyTypedAction</class>
					<class>org.netbeans.editor.BaseKit$EndLineAction</class>
					<class>org.netbeans.editor.BaseKit$NextWordAction</class>
					<class>org.netbeans.editor.BaseKit$InsertTabAction</class>
					<class>org.netbeans.editor.ActionFactory$ToggleCaseIdentifierBeginAction</class>
					<class>org.netbeans.editor.ActionFactory$RemoveLineAction</class>
					<class>org.netbeans.editor.ActionFactory$ToggleTypingModeAction</class>
					<class>org.netbeans.editor.ActionFactory$EscapeAction</class>
					<class>org.netbeans.editor.BaseKit$DownAction</class>
					<class>org.netbeans.editor.ActionFactory$FormatAction</class>
				</role>
			</roles>
		</candidate>
		<candidate>
			<isPattern>true</isPattern>
			<roles>
				<role name="abstractclass">
					<class>org.netbeans.editor.BaseView</class>
				</role>
				<role name="concreteclass">
					<class>org.netbeans.editor.BaseTextUI$RootView</class>
				</role>
			</roles>
		</candidate>
		<candidate>
			<isPattern>true</isPattern>
			<roles>
				<role name="abstractclass">
					<class>org.netbeans.modules.corba.idl.node.IDLAbstractNode</class>
				</role>
				<role name="concreteclass">
					<class>org.netbeans.modules.corba.idl.node.IDLOperationNode</class>
					<class>org.netbeans.modules.corba.idl.node.IDLUnionMemberNode</class>
					<class>org.netbeans.modules.corba.idl.node.IDLMemberNode</class>
					<class>org.netbeans.modules.corba.idl.node.IDLInterfaceForwardNode</class>
					<class>org.netbeans.modules.corba.idl.node.IDLExceptionNode</class>
					<class>org.netbeans.modules.corba.idl.node.IDLDeclaratorNode</class>
					<class>org.netbeans.modules.corba.idl.node.IDLAttributeNode</class>
					<class>org.netbeans.modules.corba.idl.node.IDLTypeNode</class>
					<class>org.netbeans.modules.corba.idl.node.IDLConstNode</class>
					<class>org.netbeans.modules.corba.idl.node.IDLInterfaceNode</class>
				</role>
			</roles>
		</candidate>
		<candidate>
			<isPattern>true</isPattern>
			<roles>
				<role name="abstractclass">
					<class>org.netbeans.modules.debugger.support.AbstractDebugger</class>
				</role>
				<role name="concreteclass">
					<class>org.netbeans.modules.debugger.delegator.DelegatingDebugger</class>
					<class>org.netbeans.modules.debugger.jpda.JPDADebugger</class>
					<class>org.netbeans.modules.debugger.debug.ToolsDebugger</class>
				</role>
			</roles>
		</candidate>
		<candidate>
			<isPattern>true</isPattern>
			<roles>
				<role name="abstractclass">
					<class>org.netbeans.modules.debugger.support.AbstractThread</class>
				</role>
				<role name="concreteclass">
					<class>org.netbeans.modules.debugger.jpda.JPDAThread</class>
				</role>
			</roles>
		</candidate>
		<candidate>
			<isPattern>true</isPattern>
			<roles>
				<role name="abstractclass">
					<class>org.netbeans.modules.debugger.support.AbstractThreadGroup</class>
				</role>
				<role name="concreteclass">
					<class>org.netbeans.modules.debugger.jpda.JPDAThreadGroup</class>
				</role>
			</roles>
		</candidate>
		<candidate>
			<isPattern>true</isPattern>
			<roles>
				<role name="abstractclass">
					<class>org.netbeans.modules.form.forminfo.FormInfo</class>
				</role>
				<role name="concreteclass">
					<class>org.netbeans.modules.form.forminfo.FrameFormInfo</class>
					<class>org.netbeans.modules.form.forminfo.JFrameFormInfo</class>
					<class>org.netbeans.modules.form.forminfo.JDialogFormInfo</class>
					<class>org.netbeans.modules.form.forminfo.JInternalFrameFormInfo</class>
					<class>org.netbeans.modules.form.forminfo.JAppletFormInfo</class>
				</role>
			</roles>
		</candidate>
		<candidate>
			<isPattern>true</isPattern>
			<roles>
				<role name="abstractclass">
					<class>org.netbeans.modules.java.ElementsCollection</class>
				</role>
				<role name="concreteclass">
					<class>org.netbeans.modules.java.ElementsCollection$Initializer</class>
				</role>
			</roles>
		</candidate>
		<candidate>
			<isPattern>true</isPattern>
			<roles>
				<role name="abstractclass">
					<class>org.netbeans.modules.javadoc.comments.AutoCommenter$Element</class>
				</role>
				<role name="concreteclass">
					<class>org.netbeans.modules.javadoc.comments.AutoCommenter$Element$Constructor</class>
					<class>org.netbeans.modules.javadoc.comments.AutoCommenter$Element$Field</class>
					<class>org.netbeans.modules.javadoc.comments.AutoCommenter$Element$Class</class>
				</role>
			</roles>
		</candidate>
		<candidate>
			<isPattern>true</isPattern>
			<roles>
				<role name="abstractclass">
					<class>org.netbeans.modules.search.types.DataObjectType</class>
				</role>
				<role name="concreteclass">
					<class>org.netbeans.modules.search.types.ObjectTypeType</class>
					<class>org.netbeans.modules.search.types.ModificationDateType</class>
				</role>
			</roles>
		</candidate>
		<candidate>
			<isPattern>true</isPattern>
			<roles>
				<role name="abstractclass">
					<class>org.netbeans.modules.vcs.VcsFileSystem</class>
				</role>
				<role name="concreteclass">
					<class>org.netbeans.modules.vcs.cmdline.CvsFileSystem</class>
				</role>
			</roles>
		</candidate>
		<candidate>
			<isPattern>true</isPattern>
			<roles>
				<role name="abstractclass">
					<class>org.openide.compiler.Compiler</class>
				</role>
				<role name="concreteclass">
					<class>org.netbeans.modules.web.core.jsploader.ErrorCompiler</class>
					<class>org.openide.compiler.ExternalCompiler</class>
					<class>org.netbeans.modules.web.core.jsploader.CleanCompiler</class>
					<class>org.netbeans.modules.web.core.jsploader.RenameCompiler</class>
					<class>org.netbeans.modules.antlr.GCompiler</class>
					<class>org.netbeans.modules.web.core.jsploader.JspCompiler</class>
					<class>org.netbeans.modules.web.core.jsploader.RefreshCompiler</class>
					<class>org.netbeans.modules.java.CleanCompiler</class>
				</role>
			</roles>
		</candidate>
		<candidate>
			<isPattern>true</isPattern>
			<roles>
				<role name="abstractclass">
					<class>org.openide.filesystems.AbstractFolder</class>
				</role>
				<role name="concreteclass">
					<class>org.openide.filesystems.MultiFileObject</class>
					<class>org.openide.filesystems.AbstractFileObject</class>
				</role>
			</roles>
		</candidate>
		<candidate>
			<isPattern>true</isPattern>
			<roles>
				<role name="abstractclass">
					<class>org.openide.filesystems.FileObject</class>
				</role>
				<role name="concreteclass">
					<class>org.openide.filesystems.AbstractFolder</class>
					<class>org.openide.filesystems.AbstractFileObject$Invalid</class>
				</role>
			</roles>
		</candidate>
		<candidate>
			<isPattern>true</isPattern>
			<roles>
				<role name="abstractclass">
					<class>org.openide.filesystems.FileSystem</class>
				</role>
				<role name="concreteclass">
					<class>org.openide.filesystems.AbstractFileSystem</class>
					<class>org.openide.filesystems.MultiFileSystem</class>
				</role>
			</roles>
		</candidate>
		<candidate>
			<isPattern>true</isPattern>
			<roles>
				<role name="abstractclass">
					<class>org.openide.loaders.DataLoaderPool</class>
				</role>
				<role name="concreteclass">
					<class>org.netbeans.core.LoaderPoolNode$NbLoaderPool</class>
				</role>
			</roles>
		</candidate>
		<candidate>
			<isPattern>true</isPattern>
			<roles>
				<role name="abstractclass">
					<class>org.openide.loaders.FolderInstance</class>
				</role>
				<role name="concreteclass">
					<class>org.openide.awt.MenuBar$MenuBarFolder</class>
					<class>org.openide.awt.MenuBar$MenuFolder</class>
					<class>org.openide.awt.Toolbar$Folder</class>
					<class>org.openide.awt.ToolbarPool$Folder</class>
				</role>
			</roles>
		</candidate>
		<candidate>
			<isPattern>true</isPattern>
			<roles>
				<role name="abstractclass">
					<class>org.openide.loaders.MultiFileLoader</class>
				</role>
				<role name="concreteclass">
					<class>org.openide.loaders.UniFileLoader</class>
				</role>
			</roles>
		</candidate>
		<candidate>
			<isPattern>true</isPattern>
			<roles>
				<role name="abstractclass">
					<class>org.openide.ServiceType$Registry</class>
				</role>
				<role name="concreteclass">
					<class>org.netbeans.core.Services</class>
				</role>
			</roles>
		</candidate>
		<candidate>
			<isPattern>true</isPattern>
			<roles>
				<role name="abstractclass">
					<class>org.openide.src.Element</class>
				</role>
				<role name="concreteclass">
					<class>org.openide.src.SourceElement</class>
					<class>org.openide.src.InitializerElement</class>
				</role>
			</roles>
		</candidate>
		<candidate>
			<isPattern>true</isPattern>
			<roles>
				<role name="abstractclass">
					<class>org.openide.text.Line</class>
				</role>
				<role name="concreteclass">
					<class>org.openide.text.DocumentLine</class>
				</role>
			</roles>
		</candidate>
		<candidate>
			<isPattern>true</isPattern>
			<roles>
				<role name="abstractclass">
					<class>org.openide.TopManager$NodeOperation</class>
				</role>
				<role name="concreteclass">
					<class>org.netbeans.core.NbNodeOperation</class>
				</role>
			</roles>
		</candidate>
		<candidate>
			<isPattern>true</isPattern>
			<roles>
				<role name="abstractclass">
					<class>org.openide.TopManager</class>
				</role>
				<role name="concreteclass">
					<class>org.netbeans.core.NbTopManager</class>
				</role>
			</roles>
		</candidate>
		<candidate>
			<isPattern>true</isPattern>
			<roles>
				<role name="abstractclass">
					<class>org.openide.util.actions.CallableSystemAction</class>
				</role>
				<role name="concreteclass">
					<class>org.openide.util.actions.ProjectSensitiveAction</class>
					<class>org.openide.util.actions.NodeAction</class>
				</role>
			</roles>
		</candidate>
		<candidate>
			<isPattern>true</isPattern>
			<roles>
				<role name="abstractclass">
					<class>org.openide.util.actions.NodeAction</class>
				</role>
				<role name="concreteclass">
					<class>org.netbeans.core.execution.ProcessNodeItem$TerminateProcessAction</class>
					<class>org.netbeans.modules.corba.browser.ns.UnbindContext</class>
					<class>org.openide.actions.SaveAsTemplateAction</class>
					<class>org.netbeans.modules.debugger.support.actions.CreateVariableAction</class>
					<class>org.netbeans.modules.jndi.ProviderTestAction</class>
					<class>org.netbeans.examples.modules.editastext.EditAsTextAction</class>
					<class>org.netbeans.modules.projects.AddNewAction</class>
					<class>org.openide.actions.CustomizeAction</class>
					<class>org.netbeans.modules.jndi.EditPropertyAction</class>
					<class>org.netbeans.modules.jini.SaveInterfaceAction</class>
					<class>org.netbeans.modules.corba.browser.ns.UnbindAction</class>
					<class>org.netbeans.modules.corba.browser.ns.BindNewContext</class>
					<class>org.openide.actions.MoveDownAction</class>
					<class>org.netbeans.modules.jarpackager.actions.ManageJarAction</class>
					<class>org.netbeans.modules.corba.browser.ns.CopyClientCode</class>
					<class>org.netbeans.modules.corba.browser.ns.CreateNewContext</class>
					<class>org.netbeans.modules.projects.SetMainClassCookieAction</class>
					<class>org.openide.actions.MoveUpAction</class>
					<class>org.openide.actions.PropertiesAction</class>
					<class>org.netbeans.modules.corba.browser.ns.RefreshAction</class>
					<class>org.netbeans.modules.beans.beaninfo.GenerateBeanInfoAction</class>
					<class>org.netbeans.modules.jndi.BindingCopyAction</class>
					<class>org.netbeans.modules.javadoc.search.UnmountJavaDocFSAction</class>
					<class>org.netbeans.modules.apisupport.beanbrowser.NodeExploreAction</class>
					<class>org.openide.actions.InstantiateAction</class>
					<class>org.openide.actions.OpenLocalExplorerAction</class>
					<class>org.netbeans.modules.beans.beaninfo.BiIncludeAllAction</class>
					<class>org.netbeans.modules.apisupport.TemplateWizardHelperAction$PopulateLocBundleAction</class>
					<class>org.netbeans.modules.debugger.support.actions.AddBreakpointAction</class>
					<class>org.netbeans.modules.jarpackager.actions.MountJarAction</class>
					<class>org.netbeans.modules.apisupport.beanbrowser.BeanBrowseAction</class>
					<class>org.openide.actions.RenameAction</class>
					<class>org.openide.actions.StartDebuggerAction</class>
					<class>org.netbeans.modules.rmi.MarkRMIAction</class>
					<class>org.netbeans.modules.corba.browser.ns.BindNewObject</class>
					<class>org.netbeans.modules.editor.java.JCUpdateAction</class>
					<class>org.netbeans.modules.projects.AddToProjectAction</class>
					<class>org.openide.actions.GoAction</class>
					<class>org.netbeans.modules.jndi.ProviderConnectAction</class>
					<class>org.netbeans.modules.projects.Add2ProjectAction</class>
					<class>org.netbeans.modules.corba.browser.ns.UnbindObject</class>
					<class>org.netbeans.modules.corba.browser.ns.CopyServerCode</class>
					<class>org.netbeans.modules.projects.SetMainClassAction</class>
					<class>org.openide.actions.NewTemplateAction</class>
					<class>org.netbeans.modules.jini.CreateClientAction</class>
					<class>org.netbeans.modules.projects.ImportProjectAction</class>
					<class>org.netbeans.modules.beans.beaninfo.BiToggleAction</class>
					<class>org.netbeans.modules.jndi.LookupCopyAction</class>
					<class>org.netbeans.modules.beans.beaninfo.BiExcludeAllAction</class>
					<class>org.netbeans.modules.jarpackager.actions.AddToJarAction</class>
					<class>org.openide.actions.AbstractCompileAction</class>
					<class>org.netbeans.modules.jndi.RefreshAction</class>
					<class>org.openide.actions.NewAction</class>
				</role>
			</roles>
		</candidate>
		<candidate>
			<isPattern>true</isPattern>
			<roles>
				<role name="abstractclass">
					<class>org.openide.util.actions.ProjectSensitiveAction</class>
				</role>
				<role name="concreteclass">
					<class>org.openide.actions.ExecuteProjectAction</class>
					<class>org.openide.actions.DebugProjectAction</class>
					<class>org.openide.actions.SaveProjectAction</class>
					<class>org.openide.actions.BuildProjectAction</class>
					<class>org.openide.actions.CompileProjectAction</class>
				</role>
			</roles>
		</candidate>
		<candidate>
			<isPattern>true</isPattern>
			<roles>
				<role name="abstractclass">
					<class>org.openide.windows.WindowManager</class>
				</role>
				<role name="concreteclass">
					<class>org.netbeans.core.windows.WindowManagerImpl</class>
				</role>
			</roles>
		</candidate>
		<candidate>
			<isPattern>true</isPattern>
			<roles>
				<role name="abstractclass">
					<class>org.openidex.projects.ProjectSupport</class>
				</role>
				<role name="concreteclass">
					<class>org.netbeans.modules.projects.PSupport</class>
				</role>
			</roles>
		</candidate>
		<candidate>
			<isPattern>true</isPattern>
			<roles>
				<role name="abstractclass">
					<class>net.nutch.db.DistributedWebDBWriter$CloseProcessor</class>
				</role>
				<role name="concreteclass">
					<class>net.nutch.db.DistributedWebDBWriter$LinksByURLProcessor</class>
				</role>
			</roles>
		</candidate>
		<candidate>
			<isPattern>true</isPattern>
			<roles>
				<role name="abstractclass">
					<class>net.nutch.db.WebDBWriter$CloseProcessor</class>
				</role>
				<role name="concreteclass">
					<class>net.nutch.db.WebDBWriter$LinksByURLProcessor</class>
				</role>
			</roles>
		</candidate>
		<candidate>
			<isPattern>true</isPattern>
			<roles>
				<role name="abstractclass">
					<class>net.nutch.io.VersionedWritable</class>
				</role>
				<role name="concreteclass">
					<class>net.nutch.linkdb.LinkAnalysisEntry</class>
					<class>net.nutch.fetcher.FetcherContent</class>
					<class>net.nutch.fetcher.FetcherText</class>
				</role>
			</roles>
		</candidate>
		<candidate>
			<isPattern>true</isPattern>
			<roles>
				<role name="abstractclass">
					<class>net.nutch.util.NutchGenericFileSystem</class>
				</role>
				<role name="concreteclass">
					<class>net.nutch.util.NutchRemoteFileSystem</class>
					<class>net.nutch.util.NutchNFSFileSystem</class>
				</role>
			</roles>
		</candidate>
		<candidate>
			<isPattern>true</isPattern>
			<roles>
				<role name="abstractclass">
					<class>net.sourceforge.pmd.symboltable.AbstractScope</class>
				</role>
				<role name="concreteclass">
					<class>net.sourceforge.pmd.symboltable.GlobalScope</class>
				</role>
			</roles>
		</candidate>
		<candidate>
			<isPattern>false</isPattern>
			<roles>
				<role name="abstractclass">
					<class>net.nutch.quality.dynamic.PageDescriptionConstants</class>
				</role>
				<role name="concreteclass">
					<class>net.nutch.quality.dynamic.PageDescriptionTokenManager</class>
					<class>net.nutch.quality.dynamic.PageDescription</class>
				</role>
			</roles>
		</candidate>
		<candidate>
			<isPattern>false</isPattern>
			<roles>
				<role name="abstractclass">
					<class>net.nutch.searcher.HitDetailer</class>
				</role>
				<role name="concreteclass">
					<class>net.nutch.searcher.NutchBean</class>
					<class>net.nutch.searcher.IndexSearcher</class>
				</role>
			</roles>
		</candidate>
		<candidate>
			<isPattern>false</isPattern>
			<roles>
				<role name="abstractclass">
					<class>net.nutch.net.protocols.ftp.FtpException</class>
				</role>
				<role name="concreteclass">
					<class>net.nutch.net.protocols.ftp.FtpExceptionControlClosedByForcedDataClose</class>
					<class>net.nutch.net.protocols.ftp.FtpExceptionUnknownForcedDataClose</class>
					<class>net.nutch.net.protocols.ftp.FtpExceptionBadSystResponse</class>
					<class>net.nutch.net.protocols.ftp.FtpExceptionCanNotHaveDataConnection</class>
				</role>
			</roles>
		</candidate>
		<candidate>
			<isPattern>false</isPattern>
			<roles>
				<role name="abstractclass">
					<class>net.nutch.net.protocols.http.HttpException</class>
				</role>
				<role name="concreteclass">
					<class>net.nutch.net.protocols.http.ContentLengthParseException</class>
					<class>net.nutch.net.protocols.http.BadStatusLineException</class>
					<class>net.nutch.net.protocols.http.HttpError</class>
					<class>net.nutch.net.protocols.http.BadHeaderLineException</class>
				</role>
			</roles>
		</candidate>
		<candidate>
			<isPattern>false</isPattern>
			<roles>
				<role name="abstractclass">
					<class>net.nutch.analysis.CharStream</class>
				</role>
				<role name="concreteclass">
					<class>net.nutch.analysis.FastCharStream</class>
				</role>
			</roles>
		</candidate>
		<candidate>
			<isPattern>false</isPattern>
			<roles>
				<role name="abstractclass">
					<class>net.nutch.analysis.NutchAnalysisConstants</class>
				</role>
				<role name="concreteclass">
					<class>net.nutch.analysis.NutchAnalysisTokenManager</class>
					<class>net.nutch.analysis.NutchAnalysis</class>
				</role>
			</roles>
		</candidate>
		<candidate>
			<isPattern>false</isPattern>
			<roles>
				<role name="abstractclass">
					<class>net.nutch.net.protocols.Response</class>
				</role>
				<role name="concreteclass">
					<class>net.nutch.net.protocols.http.HttpResponse</class>
					<class>net.nutch.net.protocols.ftp.FtpResponse</class>
				</role>
			</roles>
		</candidate>
		<candidate>
			<isPattern>false</isPattern>
			<roles>
				<role name="abstractclass">
					<class>net.nutch.io.MapFile</class>
				</role>
				<role name="concreteclass">
					<class>net.nutch.io.SetFile</class>
					<class>net.nutch.io.ArrayFile</class>
				</role>
			</roles>
		</candidate>
		<candidate>
			<isPattern>false</isPattern>
			<roles>
				<role name="abstractclass">
					<class>net.nutch.searcher.HitSummarizer</class>
				</role>
				<role name="concreteclass">
					<class>net.nutch.searcher.NutchBean</class>
					<class>net.nutch.searcher.FetchedSegments</class>
				</role>
			</roles>
		</candidate>
		<candidate>
			<isPattern>false</isPattern>
			<roles>
				<role name="abstractclass">
					<class>net.nutch.searcher.HitContent</class>
				</role>
				<role name="concreteclass">
					<class>net.nutch.searcher.NutchBean</class>
					<class>net.nutch.searcher.FetchedSegments</class>
				</role>
			</roles>
		</candidate>
		<candidate>
			<isPattern>false</isPattern>
			<roles>
				<role name="abstractclass">
					<class>net.nutch.searcher.Searcher</class>
				</role>
				<role name="concreteclass">
					<class>net.nutch.searcher.NutchBean</class>
					<class>net.nutch.searcher.IndexSearcher</class>
				</role>
			</roles>
		</candidate>
		<candidate>
			<isPattern>false</isPattern>
			<roles>
				<role name="abstractclass">
					<class>net.nutch.net.protocols.http.HttpVersionException</class>
				</role>
				<role name="concreteclass">
					<class>net.nutch.net.protocols.http.DecompressionException</class>
					<class>net.nutch.net.protocols.http.ChunkLengthParseException</class>
					<class>net.nutch.net.protocols.http.ChunkEOFException</class>
				</role>
			</roles>
		</candidate>
		<candidate>
			<isPattern>false</isPattern>
			<roles>
				<role name="abstractclass">
					<class>net.nutch.db.IWebDBReader</class>
				</role>
				<role name="concreteclass">
					<class>net.nutch.db.DistributedWebDBReader</class>
					<class>net.nutch.db.WebDBReader</class>
				</role>
			</roles>
		</candidate>
		<candidate>
			<isPattern>false</isPattern>
			<roles>
				<role name="abstractclass">
					<class>net.nutch.net.URLFilter</class>
				</role>
				<role name="concreteclass">
					<class>net.nutch.net.RegexURLFilter</class>
					<class>net.nutch.net.PrefixURLFilter</class>
				</role>
			</roles>
		</candidate>
		<candidate>
			<isPattern>false</isPattern>
			<roles>
				<role name="abstractclass">
					<class>net.nutch.io.WritableComparable</class>
				</role>
				<role name="concreteclass">
					<class>net.nutch.io.UTF8</class>
					<class>net.nutch.io.IntWritable</class>
					<class>net.nutch.io.MD5Hash</class>
					<class>net.nutch.io.LongWritable</class>
					<class>net.nutch.db.Page</class>
					<class>net.nutch.db.Link</class>
				</role>
			</roles>
		</candidate>
		<candidate>
			<isPattern>false</isPattern>
			<roles>
				<role name="abstractclass">
					<class>net.nutch.util.TrieStringMatcher</class>
				</role>
				<role name="concreteclass">
					<class>net.nutch.util.PrefixStringMatcher</class>
					<class>net.nutch.util.SuffixStringMatcher</class>
				</role>
			</roles>
		</candidate>
		<candidate>
			<isPattern>false</isPattern>
			<roles>
				<role name="abstractclass">
					<class>net.nutch.db.IWebDBWriter</class>
				</role>
				<role name="concreteclass">
					<class>net.nutch.db.DistributedWebDBWriter</class>
					<class>net.nutch.db.WebDBWriter</class>
				</role>
			</roles>
		</candidate>
		<candidate>
			<isPattern>false</isPattern>
			<roles>
				<role name="abstractclass">
					<class>net.nutch.net.protocols.ProtocolException</class>
				</role>
				<role name="concreteclass">
					<class>net.nutch.net.protocols.http.HttpException</class>
					<class>net.nutch.net.protocols.ftp.FtpException</class>
				</role>
			</roles>
		</candidate>
		<candidate>
			<isPattern>false</isPattern>
			<roles>
				<role name="abstractclass">
					<class>net.nutch.io.Writable</class>
				</role>
				<role name="concreteclass">
					<class>net.nutch.searcher.HitDetails</class>
					<class>net.nutch.searcher.Hits</class>
					<class>net.nutch.searcher.Hit</class>
					<class>net.nutch.searcher.Query</class>
					<class>net.nutch.io.NullWritable</class>
					<class>net.nutch.io.ArrayWritable</class>
					<class>net.nutch.io.BytesWritable</class>
					<class>net.nutch.pagedb.FetchListEntry</class>
					<class>net.nutch.fetcher.FetcherContent</class>
					<class>net.nutch.fetcher.Outlink</class>
					<class>net.nutch.fetcher.FetcherOutput</class>
					<class>net.nutch.fetcher.FetcherText</class>
					<class>net.nutch.linkdb.LinkAnalysisEntry</class>
				</role>
			</roles>
		</candidate>
		<candidate>
			<isPattern>false</isPattern>
			<roles>
				<role name="abstractclass">
					<class>net.nutch.fetcher.FetcherConstants</class>
				</role>
				<role name="concreteclass">
					<class>net.nutch.fetcher.RequestScheduler</class>
					<class>net.nutch.fetcher.HostQueue</class>
					<class>net.nutch.fetcher.OutputThread</class>
					<class>net.nutch.fetcher.FetcherStatus</class>
					<class>net.nutch.fetcher.FetcherThread</class>
				</role>
			</roles>
		</candidate>
		<candidate>
			<isPattern>false</isPattern>
			<roles>
				<role name="abstractclass">
					<class>org.netbeans.modules.form.palette.ScrollPaletteUI</class>
				</role>
				<role name="concreteclass">
					<class>org.netbeans.modules.form.palette.BasicScrollPaletteUI</class>
				</role>
			</roles>
		</candidate>
		<candidate>
			<isPattern>false</isPattern>
			<roles>
				<role name="abstractclass">
					<class>org.netbeans.editor.ext.JavaSyntaxSupport</class>
				</role>
				<role name="concreteclass">
					<class>org.netbeans.modules.editor.java.NbJavaSyntaxSupport</class>
				</role>
			</roles>
		</candidate>
		<candidate>
			<isPattern>false</isPattern>
			<roles>
				<role name="abstractclass">
					<class>org.netbeans.modules.editor.options.PlainOptionsBeanInfo</class>
				</role>
				<role name="concreteclass">
					<class>org.netbeans.modules.corba.idl.editor.settings.IDLOptionsBeanInfo</class>
					<class>org.netbeans.modules.properties.syntax.PropertiesOptionsBeanInfo</class>
					<class>org.netbeans.modules.web.core.syntax.JSPOptionsBeanInfo</class>
					<class>org.netbeans.modules.editor.options.JavaOptionsBeanInfo</class>
				</role>
			</roles>
		</candidate>
		<candidate>
			<isPattern>false</isPattern>
			<roles>
				<role name="abstractclass">
					<class>org.netbeans.modules.vcs.cmdline.VcsAdditionalCommand</class>
				</role>
				<role name="concreteclass">
					<class>org.netbeans.modules.vcs.cmdline.commands.CvsDiff</class>
					<class>org.netbeans.modules.vcs.cmdline.commands.CvsRevisionCommand</class>
					<class>org.netbeans.modules.vcs.cmdline.commands.CvsAddTag</class>
					<class>org.netbeans.modules.vcs.cmdline.commands.CvsBranches</class>
					<class>org.netbeans.modules.vcs.cmdline.commands.CvsWatch</class>
				</role>
			</roles>
		</candidate>
		<candidate>
			<isPattern>false</isPattern>
			<roles>
				<role name="abstractclass">
					<class>org.netbeans.lib.ddl.TableConstraintDescriptor</class>
				</role>
				<role name="concreteclass">
					<class>org.netbeans.lib.ddl.impl.PrimaryKeyConstraint</class>
				</role>
			</roles>
		</candidate>
		<candidate>
			<isPattern>false</isPattern>
			<roles>
				<role name="abstractclass">
					<class>org.netbeans.modules.form.compat2.RADContainer</class>
				</role>
				<role name="concreteclass">
					<class>org.netbeans.modules.form.compat2.NonVisualsNode</class>
					<class>org.netbeans.modules.form.compat2.RADMenuNode</class>
					<class>org.netbeans.modules.form.compat2.RADContainerNode</class>
				</role>
			</roles>
		</candidate>
		<candidate>
			<isPattern>false</isPattern>
			<roles>
				<role name="abstractclass">
					<class>org.netbeans.modules.jndi.JndiLeafNode</class>
				</role>
				<role name="concreteclass">
					<class>org.netbeans.modules.jndi.JndiFailedNode</class>
				</role>
			</roles>
		</candidate>
		<candidate>
			<isPattern>false</isPattern>
			<roles>
				<role name="abstractclass">
					<class>org.netbeans.modules.java.ParseObjectRequest</class>
				</role>
				<role name="concreteclass">
					<class>org.netbeans.modules.java.V8ParseRequest</class>
				</role>
			</roles>
		</candidate>
		<candidate>
			<isPattern>false</isPattern>
			<roles>
				<role name="abstractclass">
					<class>org.netbeans.modules.beans.Pattern</class>
				</role>
				<role name="concreteclass">
					<class>org.netbeans.modules.beans.IdxPropertyPattern</class>
					<class>org.netbeans.modules.beans.EventSetPattern</class>
					<class>org.netbeans.modules.beans.PropertyPattern</class>
				</role>
			</roles>
		</candidate>
		<candidate>
			<isPattern>false</isPattern>
			<roles>
				<role name="abstractclass">
					<class>org.openide.debugger.DebuggerException</class>
				</role>
				<role name="concreteclass">
					<class>org.openide.debugger.DebuggerNotFoundException</class>
				</role>
			</roles>
		</candidate>
		<candidate>
			<isPattern>false</isPattern>
			<roles>
				<role name="abstractclass">
					<class>org.openide.explorer.ExplorerPanel</class>
				</role>
				<role name="concreteclass">
					<class>org.netbeans.examples.modules.objectview.ObjectView</class>
					<class>org.netbeans.core.NbExplorer</class>
					<class>org.netbeans.beaninfo.editors.ServiceTypePanel</class>
					<class>org.netbeans.modules.projects.settings.SettingsTab</class>
					<class>org.netbeans.modules.beans.beaninfo.BiPanel</class>
					<class>org.netbeans.modules.antlr.explorer.TokenExplorer</class>
					<class>org.netbeans.modules.debugger.support.nodes.DebuggerView</class>
				</role>
			</roles>
		</candidate>
		<candidate>
			<isPattern>false</isPattern>
			<roles>
				<role name="abstractclass">
					<class>org.netbeans.modules.editor.options.BasePrintOptionsBeanInfo</class>
				</role>
				<role name="concreteclass">
					<class>org.netbeans.modules.properties.syntax.PropertiesPrintOptionsBeanInfo</class>
					<class>org.netbeans.modules.web.core.syntax.JSPPrintOptionsBeanInfo</class>
					<class>org.netbeans.modules.editor.options.HTMLPrintOptionsBeanInfo</class>
					<class>org.netbeans.modules.editor.options.JavaPrintOptionsBeanInfo</class>
					<class>org.netbeans.modules.editor.options.PlainPrintOptionsBeanInfo</class>
				</role>
			</roles>
		</candidate>
		<candidate>
			<isPattern>false</isPattern>
			<roles>
				<role name="abstractclass">
					<class>org.netbeans.editor.Finder</class>
				</role>
				<role name="concreteclass">
					<class>org.netbeans.editor.WordMatch</class>
					<class>org.netbeans.modules.i18n.LocalizeFinder</class>
				</role>
			</roles>
		</candidate>
		<candidate>
			<isPattern>false</isPattern>
			<roles>
				<role name="abstractclass">
					<class>org.netbeans.core.windows.TopComponentContainer</class>
				</role>
				<role name="concreteclass">
					<class>org.netbeans.core.windows.MultiTabContainer</class>
				</role>
			</roles>
		</candidate>
		<candidate>
			<isPattern>false</isPattern>
			<roles>
				<role name="abstractclass">
					<class>org.openide.explorer.propertysheet.PropertySheet</class>
				</role>
				<role name="concreteclass">
					<class>org.openide.explorer.propertysheet.PropertySheetView</class>
				</role>
			</roles>
		</candidate>
		<candidate>
			<isPattern>false</isPattern>
			<roles>
				<role name="abstractclass">
					<class>org.netbeans.modules.properties.ResourceBundlePanel</class>
				</role>
				<role name="concreteclass">
					<class>org.netbeans.modules.i18n.LocalizePanel</class>
				</role>
			</roles>
		</candidate>
		<candidate>
			<isPattern>false</isPattern>
			<roles>
				<role name="abstractclass">
					<class>org.openide.explorer.propertysheet.editors.StringArrayCustomizable</class>
				</role>
				<role name="concreteclass">
					<class>org.openide.explorer.propertysheet.editors.StringArrayEditor</class>
					<class>org.netbeans.modules.form.editors.ListModelEditor</class>
				</role>
			</roles>
		</candidate>
		<candidate>
			<isPattern>false</isPattern>
			<roles>
				<role name="abstractclass">
					<class>org.netbeans.modules.form.RADVisualContainer</class>
				</role>
				<role name="concreteclass">
					<class>org.netbeans.modules.form.RADVisualFormContainer</class>
				</role>
			</roles>
		</candidate>
		<candidate>
			<isPattern>false</isPattern>
			<roles>
				<role name="abstractclass">
					<class>org.netbeans.modules.debugger.support.actions.GetVariableCookie</class>
				</role>
				<role name="concreteclass">
					<class>org.netbeans.modules.debugger.support.nodes.VariableNode</class>
				</role>
			</roles>
		</candidate>
		<candidate>
			<isPattern>false</isPattern>
			<roles>
				<role name="abstractclass">
					<class>org.netbeans.modules.form.RADContainer</class>
				</role>
				<role name="concreteclass">
					<class>org.netbeans.modules.form.RADFormContainer</class>
				</role>
			</roles>
		</candidate>
		<candidate>
			<isPattern>false</isPattern>
			<roles>
				<role name="abstractclass">
					<class>org.netbeans.modules.editor.options.OptionSupport</class>
				</role>
				<role name="concreteclass">
					<class>org.netbeans.modules.web.core.syntax.JSPPrintOptions</class>
					<class>org.netbeans.modules.web.core.syntax.JSPOptions</class>
					<class>org.netbeans.modules.editor.options.BasePrintOptions</class>
					<class>org.netbeans.modules.editor.options.BaseOptions</class>
					<class>org.netbeans.modules.editor.options.JavaOptions</class>
				</role>
			</roles>
		</candidate>
		<candidate>
			<isPattern>false</isPattern>
			<roles>
				<role name="abstractclass">
					<class>org.netbeans.modules.java.JavaNode</class>
				</role>
				<role name="concreteclass">
					<class>org.netbeans.modules.form.FormDataNode</class>
					<class>org.netbeans.modules.rmi.RMINode</class>
				</role>
			</roles>
		</candidate>
		<candidate>
			<isPattern>false</isPattern>
			<roles>
				<role name="abstractclass">
					<class>org.openide.util.actions.ActionPerformer</class>
				</role>
				<role name="concreteclass">
					<class>org.netbeans.core.windows.MultiTabContainer</class>
					<class>org.netbeans.core.output.OutPane</class>
					<class>org.netbeans.modules.search.SearchPerformer</class>
					<class>org.netbeans.modules.icebrowser.FindManager</class>
				</role>
			</roles>
		</candidate>
		<candidate>
			<isPattern>false</isPattern>
			<roles>
				<role name="abstractclass">
					<class>org.netbeans.editor.ext.JCFinder</class>
				</role>
				<role name="concreteclass">
					<class>org.netbeans.editor.ext.JCBaseFinder</class>
				</role>
			</roles>
		</candidate>
		<candidate>
			<isPattern>false</isPattern>
			<roles>
				<role name="abstractclass">
					<class>org.netbeans.modules.web.core.jswdk.ServletParamsCookie</class>
				</role>
				<role name="concreteclass">
					<class>org.netbeans.modules.web.core.jswdk.ServletJspDebuggerType</class>
					<class>org.netbeans.modules.web.core.jswdk.ServletJspExecutor</class>
				</role>
			</roles>
		</candidate>
		<candidate>
			<isPattern>false</isPattern>
			<roles>
				<role name="abstractclass">
					<class>org.openide.nodes.PropertySupport</class>
				</role>
				<role name="concreteclass">
					<class>org.netbeans.modules.jndi.ProviderProperty</class>
					<class>org.netbeans.modules.jndi.JndiProperty</class>
					<class>org.netbeans.modules.db.explorer.DatabasePropertySupport</class>
				</role>
			</roles>
		</candidate>
		<candidate>
			<isPattern>false</isPattern>
			<roles>
				<role name="abstractclass">
					<class>org.netbeans.modules.web.wizards.beanjsp.util.JSPItem</class>
				</role>
				<role name="concreteclass">
					<class>org.netbeans.modules.web.wizards.beanjsp.model.JSPBean</class>
					<class>org.netbeans.modules.web.wizards.beanjsp.model.JSPBeanMethod</class>
					<class>org.netbeans.modules.web.wizards.beanjsp.model.JSPBeanField</class>
				</role>
			</roles>
		</candidate>
		<candidate>
			<isPattern>false</isPattern>
			<roles>
				<role name="abstractclass">
					<class>org.netbeans.modules.corba.idl.src.TypeElement</class>
				</role>
				<role name="concreteclass">
					<class>org.netbeans.modules.corba.idl.src.DeclaratorElement</class>
					<class>org.netbeans.modules.corba.idl.src.EnumTypeElement</class>
					<class>org.netbeans.modules.corba.idl.src.UnionTypeElement</class>
					<class>org.netbeans.modules.corba.idl.src.StructTypeElement</class>
					<class>org.netbeans.modules.corba.idl.src.UnionMemberElement</class>
				</role>
			</roles>
		</candidate>
		<candidate>
			<isPattern>false</isPattern>
			<roles>
				<role name="abstractclass">
					<class>org.netbeans.modules.debugger.support.actions.SwitchOnCookie</class>
				</role>
				<role name="concreteclass">
					<class>org.netbeans.modules.debugger.support.nodes.ThreadNode</class>
				</role>
			</roles>
		</candidate>
		<candidate>
			<isPattern>false</isPattern>
			<roles>
				<role name="abstractclass">
					<class>org.openidex.search.SearchTask</class>
				</role>
				<role name="concreteclass">
					<class>org.netbeans.modules.search.SearchTaskImpl</class>
				</role>
			</roles>
		</candidate>
		<candidate>
			<isPattern>false</isPattern>
			<roles>
				<role name="abstractclass">
					<class>org.netbeans.modules.editor.NbEditorBaseKit</class>
				</role>
				<role name="concreteclass">
					<class>org.netbeans.modules.properties.syntax.PropertiesKit</class>
					<class>org.netbeans.modules.web.core.syntax.JSPKit</class>
				</role>
			</roles>
		</candidate>
		<candidate>
			<isPattern>false</isPattern>
			<roles>
				<role name="abstractclass">
					<class>org.netbeans.modules.db.explorer.actions.DatabaseAction</class>
				</role>
				<role name="concreteclass">
					<class>org.netbeans.modules.db.explorer.actions.CreateProcedureAction</class>
					<class>org.netbeans.modules.db.explorer.actions.GrabCatalogAction</class>
					<class>org.netbeans.modules.db.explorer.actions.RefreshChildrenAction</class>
					<class>org.netbeans.modules.db.explorer.actions.ConnectUsingDriverAction</class>
					<class>org.netbeans.modules.db.explorer.actions.AddDriverAction</class>
					<class>org.netbeans.modules.db.explorer.actions.EnableDebugAction</class>
					<class>org.netbeans.modules.db.explorer.actions.AddIndexAction</class>
					<class>org.netbeans.modules.db.explorer.actions.CreateTableAction</class>
					<class>org.netbeans.modules.db.explorer.actions.DisableDebugAction</class>
					<class>org.netbeans.modules.db.explorer.actions.ConnectAction</class>
					<class>org.netbeans.modules.db.explorer.actions.CreateIndexAction</class>
					<class>org.netbeans.modules.db.explorer.actions.RecreateCatalogAction</class>
					<class>org.netbeans.modules.db.explorer.actions.AddColumnAction</class>
					<class>org.netbeans.modules.db.explorer.actions.TestDriverAction</class>
					<class>org.netbeans.modules.db.explorer.actions.GrabTableAction</class>
					<class>org.netbeans.modules.db.explorer.actions.RemoveFromPrimaryKeyAction</class>
					<class>org.netbeans.modules.db.explorer.actions.DropViewAction</class>
					<class>org.netbeans.modules.db.explorer.actions.AddConnectionAction</class>
					<class>org.netbeans.modules.db.explorer.actions.RecreateTableAction</class>
					<class>org.netbeans.modules.db.explorer.actions.ExecuteCommandAction</class>
					<class>org.netbeans.modules.db.explorer.actions.ViewDataAction</class>
					<class>org.netbeans.modules.db.explorer.actions.PrintDebugInfoAction</class>
					<class>org.netbeans.modules.db.explorer.actions.DisconnectAction</class>
					<class>org.netbeans.modules.db.explorer.actions.AddToIndexAction</class>
					<class>org.netbeans.modules.db.explorer.actions.CreateViewAction</class>
					<class>org.netbeans.modules.db.explorer.actions.RemoveFromIndexAction</class>
				</role>
			</roles>
		</candidate>
		<candidate>
			<isPattern>false</isPattern>
			<roles>
				<role name="abstractclass">
					<class>org.netbeans.modules.form.CodeGenerator</class>
				</role>
				<role name="concreteclass">
					<class>org.netbeans.modules.form.JavaCodeGenerator</class>
				</role>
			</roles>
		</candidate>
		<candidate>
			<isPattern>false</isPattern>
			<roles>
				<role name="abstractclass">
					<class>org.openide.filesystems.AbstractFileSystem</class>
				</role>
				<role name="concreteclass">
					<class>org.openide.filesystems.LocalFileSystem</class>
					<class>org.openide.filesystems.JarFileSystem</class>
					<class>org.netbeans.modules.vcs.cmdline.CvsFileSystem</class>
					<class>org.netbeans.modules.vcs.advanced.CommandLineVcsFileSystem</class>
				</role>
			</roles>
		</candidate>
		<candidate>
			<isPattern>false</isPattern>
			<roles>
				<role name="abstractclass">
					<class>org.openide.execution.ExecInfo</class>
				</role>
				<role name="concreteclass">
					<class>org.openide.debugger.DebuggerInfo</class>
					<class>org.netbeans.modules.rmi.RMIExecInfo</class>
					<class>org.netbeans.modules.web.core.WebExecInfo</class>
				</role>
			</roles>
		</candidate>
		<candidate>
			<isPattern>false</isPattern>
			<roles>
				<role name="abstractclass">
					<class>org.openide.compiler.CompilationEngine</class>
				</role>
				<role name="concreteclass">
					<class>org.netbeans.core.compiler.CompilationEngineImpl</class>
				</role>
			</roles>
		</candidate>
		<candidate>
			<isPattern>false</isPattern>
			<roles>
				<role name="abstractclass">
					<class>org.netbeans.modules.java.JavaCompilerType</class>
				</role>
				<role name="concreteclass">
					<class>org.netbeans.modules.java.JavaExternalCompilerType</class>
				</role>
			</roles>
		</candidate>
		<candidate>
			<isPattern>false</isPattern>
			<roles>
				<role name="abstractclass">
					<class>org.netbeans.modules.form.compat2.layouts.support.DesignSupportLayout</class>
				</role>
				<role name="concreteclass">
					<class>org.netbeans.modules.form.compat2.layouts.support.SingleDesignSupportLayout</class>
					<class>org.netbeans.modules.form.compat2.layouts.support.PlainDesignSupportLayout</class>
				</role>
			</roles>
		</candidate>
		<candidate>
			<isPattern>false</isPattern>
			<roles>
				<role name="abstractclass">
					<class>org.netbeans.modules.java.JavaDataObject</class>
				</role>
				<role name="concreteclass">
					<class>org.netbeans.modules.form.FormDataObject</class>
					<class>org.netbeans.modules.rmi.RMIDataObject</class>
					<class>org.netbeans.modules.web.core.jsploader.JspServletDataObject</class>
				</role>
			</roles>
		</candidate>
		<candidate>
			<isPattern>false</isPattern>
			<roles>
				<role name="abstractclass">
					<class>org.openidex.search.SearchEngine</class>
				</role>
				<role name="concreteclass">
					<class>org.netbeans.modules.search.SearchEngineImpl</class>
				</role>
			</roles>
		</candidate>
		<candidate>
			<isPattern>false</isPattern>
			<roles>
				<role name="abstractclass">
					<class>org.netbeans.modules.web.core.syntax.BaseMultiSyntax</class>
				</role>
				<role name="concreteclass">
					<class>org.netbeans.modules.web.core.syntax.JspMultiSyntax</class>
				</role>
			</roles>
		</candidate>
		<candidate>
			<isPattern>false</isPattern>
			<roles>
				<role name="abstractclass">
					<class>org.openide.src.ConstructorElement</class>
				</role>
				<role name="concreteclass">
					<class>org.openide.src.MethodElement</class>
				</role>
			</roles>
		</candidate>
		<candidate>
			<isPattern>false</isPattern>
			<roles>
				<role name="abstractclass">
					<class>org.openide.filesystems.MultiFileSystem</class>
				</role>
				<role name="concreteclass">
					<class>org.netbeans.core.SystemFileSystem</class>
					<class>org.netbeans.modules.jarpackager.filesystem.WriteableJarFileSystem</class>
				</role>
			</roles>
		</candidate>
		<candidate>
			<isPattern>false</isPattern>
			<roles>
				<role name="abstractclass">
					<class>org.netbeans.editor.view.DefaultBuildPopupMenuAction</class>
				</role>
				<role name="concreteclass">
					<class>org.netbeans.modules.editor.NbBuildPopupMenuAction</class>
				</role>
			</roles>
		</candidate>
		<candidate>
			<isPattern>false</isPattern>
			<roles>
				<role name="abstractclass">
					<class>org.openide.actions.GoAction</class>
				</role>
				<role name="concreteclass">
					<class>org.openide.actions.GoToCursorAction</class>
					<class>org.openide.actions.TraceIntoAction</class>
				</role>
			</roles>
		</candidate>
		<candidate>
			<isPattern>false</isPattern>
			<roles>
				<role name="abstractclass">
					<class>org.openide.actions.CompileAction</class>
				</role>
				<role name="concreteclass">
					<class>org.netbeans.modules.jarpackager.actions.UpdateJarAction</class>
				</role>
			</roles>
		</candidate>
		<candidate>
			<isPattern>false</isPattern>
			<roles>
				<role name="abstractclass">
					<class>org.openide.text.FilterDocument</class>
				</role>
				<role name="concreteclass">
					<class>org.openide.text.FilterStyledDocument</class>
				</role>
			</roles>
		</candidate>
		<candidate>
			<isPattern>false</isPattern>
			<roles>
				<role name="abstractclass">
					<class>org.netbeans.modules.clazz.MemberElementImpl</class>
				</role>
				<role name="concreteclass">
					<class>org.netbeans.modules.clazz.ClassElementImpl</class>
					<class>org.netbeans.modules.clazz.SourceElementImpl</class>
					<class>org.netbeans.modules.clazz.FieldElementImpl</class>
					<class>org.netbeans.modules.clazz.ConstructorElementImpl</class>
				</role>
			</roles>
		</candidate>
		<candidate>
			<isPattern>false</isPattern>
			<roles>
				<role name="abstractclass">
					<class>org.openide.explorer.propertysheet.editors.XMLPropertyEditor</class>
				</role>
				<role name="concreteclass">
					<class>org.openide.explorer.propertysheet.editors.IconEditor</class>
					<class>org.netbeans.beaninfo.editors.URLEditor</class>
					<class>org.netbeans.beaninfo.editors.ColorEditor</class>
					<class>org.netbeans.beaninfo.editors.FontEditor</class>
					<class>org.netbeans.modules.form.editors2.BorderEditor</class>
					<class>org.netbeans.modules.form.editors2.CursorEditor</class>
					<class>org.netbeans.modules.form.RADConnectionPropertyEditor</class>
					<class>org.netbeans.modules.properties.ResourceBundleStringEditor</class>
					<class>org.netbeans.modules.i18n.ResourceBundleStringFormEditor</class>
				</role>
			</roles>
		</candidate>
		<candidate>
			<isPattern>false</isPattern>
			<roles>
				<role name="abstractclass">
					<class>org.netbeans.modules.corba.idl.src.IDLParserTreeConstants</class>
				</role>
				<role name="concreteclass">
					<class>org.netbeans.modules.corba.idl.src.IDLParser</class>
				</role>
			</roles>
		</candidate>
		<candidate>
			<isPattern>false</isPattern>
			<roles>
				<role name="abstractclass">
					<class>org.netbeans.modules.corba.idl.node.IDLTypeNode</class>
				</role>
				<role name="concreteclass">
					<class>org.netbeans.modules.corba.idl.node.IDLStructTypeNode</class>
					<class>org.netbeans.modules.corba.idl.node.IDLUnionTypeNode</class>
					<class>org.netbeans.modules.corba.idl.node.IDLEnumTypeNode</class>
				</role>
			</roles>
		</candidate>
		<candidate>
			<isPattern>false</isPattern>
			<roles>
				<role name="abstractclass">
					<class>org.openide.util.SharedClassObject</class>
				</role>
				<role name="concreteclass">
					<class>org.openide.actions.SaveAllAction</class>
					<class>org.openide.actions.MoveDownAction</class>
					<class>org.openide.actions.MoveUpAction</class>
					<class>org.openide.actions.HelpAction</class>
					<class>org.openide.modules.ModuleInstall</class>
					<class>org.netbeans.examples.modules.minicomposer.ComposerSettings</class>
					<class>org.netbeans.examples.modules.minicomposer.ScoreDataLoader</class>
					<class>org.netbeans.core.actions.EditorViewAction</class>
					<class>org.netbeans.modules.projects.ProjectsModule</class>
					<class>org.netbeans.modules.projects.settings.ProjectOption</class>
					<class>org.netbeans.modules.emacs.EmacsSettings</class>
					<class>org.netbeans.modules.javadoc.JavadocModule</class>
					<class>org.netbeans.modules.java.JavaDataLoader</class>
					<class>org.netbeans.modules.java.JavaModule</class>
					<class>org.netbeans.modules.httpserver.HttpServerSettings</class>
					<class>org.netbeans.modules.corba.IDLModule</class>
					<class>org.netbeans.modules.corba.IDLDataLoader</class>
					<class>org.netbeans.modules.corba.settings.CORBASupportSettings</class>
					<class>org.netbeans.modules.text.ConvertToTextAction</class>
					<class>org.netbeans.modules.icebrowser.ICEBrowserSettings</class>
					<class>org.netbeans.modules.form.actions.ShowGridAction</class>
					<class>org.netbeans.modules.apisupport.ManifestDataLoader</class>
					<class>org.netbeans.modules.apisupport.APIModule</class>
					<class>org.netbeans.modules.apisupport.ShowAPIJavadocAction</class>
					<class>org.netbeans.modules.debugger.support.DebuggerModule</class>
					<class>org.netbeans.modules.debugger.support.DebuggerSettings</class>
					<class>org.netbeans.modules.openfile.Settings</class>
					<class>org.netbeans.modules.properties.PropertiesDataLoader</class>
					<class>org.netbeans.modules.rmi.RMIDataLoader</class>
					<class>org.netbeans.modules.rmi.settings.RMISettings</class>
					<class>org.netbeans.modules.autoupdate.Settings</class>
					<class>org.netbeans.modules.web.core.WebLoader</class>
					<class>org.netbeans.modules.web.core.jsploader.JspLoader</class>
					<class>org.netbeans.modules.editor.options.AllOptions</class>
					<class>org.netbeans.modules.multicompile.GenericDataLoader</class>
					<class>org.netbeans.modules.makefile.MakefileDataLoader</class>
				</role>
			</roles>
		</candidate>
		<candidate>
			<isPattern>false</isPattern>
			<roles>
				<role name="abstractclass">
					<class>org.netbeans.modules.url.URLNodeCookie</class>
				</role>
				<role name="concreteclass">
					<class>org.netbeans.modules.url.URLDataObject</class>
				</role>
			</roles>
		</candidate>
		<candidate>
			<isPattern>false</isPattern>
			<roles>
				<role name="abstractclass">
					<class>org.openide.ServiceType</class>
				</role>
				<role name="concreteclass">
					<class>org.openide.compiler.ExternalCompilerType</class>
					<class>org.openide.execution.ProcessExecutor</class>
					<class>org.netbeans.modules.search.types.ModificationDateType</class>
					<class>org.netbeans.modules.search.types.ObjectTypeType</class>
					<class>org.netbeans.modules.apisupport.ExecutorTester</class>
					<class>org.netbeans.modules.apisupport.CompilerTypeTester</class>
					<class>org.netbeans.modules.debugger.support.ProcessDebuggerType</class>
					<class>org.netbeans.modules.debugger.delegator.DefaultDebuggerType</class>
					<class>org.netbeans.modules.innertesters.InnerCompilerType</class>
					<class>org.netbeans.modules.innertesters.InnerExecutor</class>
					<class>org.netbeans.modules.rmi.RMIExecutor</class>
					<class>org.netbeans.modules.rmi.RMIDebugType</class>
					<class>org.netbeans.modules.web.core.jswdk.ServletJspDebuggerType</class>
					<class>org.netbeans.modules.web.core.jswdk.ServletJspExecutor</class>
					<class>org.netbeans.modules.multicompile.MultiCompilerType</class>
					<class>org.netbeans.modules.multicompile.LazyCompilerType</class>
					<class>org.netbeans.modules.makefile.MakefileExecutor</class>
					<class>org.netbeans.modules.makefile.MakefileCompilerType</class>
				</role>
			</roles>
		</candidate>
		<candidate>
			<isPattern>false</isPattern>
			<roles>
				<role name="abstractclass">
					<class>org.netbeans.lib.ddl.DatabaseSpecification</class>
				</role>
				<role name="concreteclass">
					<class>org.netbeans.lib.ddl.impl.Specification</class>
				</role>
			</roles>
		</candidate>
		<candidate>
			<isPattern>false</isPattern>
			<roles>
				<role name="abstractclass">
					<class>org.netbeans.editor.TokenProcessor</class>
				</role>
				<role name="concreteclass">
					<class>org.netbeans.editor.ext.JavaImport</class>
					<class>org.netbeans.editor.ext.JCTokenProcessor</class>
				</role>
			</roles>
		</candidate>
		<candidate>
			<isPattern>false</isPattern>
			<roles>
				<role name="abstractclass">
					<class>org.netbeans.modules.antlr.editor.g.ANTLRTokenTypes</class>
				</role>
				<role name="concreteclass">
					<class>org.netbeans.modules.antlr.editor.g.ANTLRLexer</class>
					<class>org.netbeans.modules.antlr.editor.g.ANTLRParser</class>
				</role>
			</roles>
		</candidate>
		<candidate>
			<isPattern>false</isPattern>
			<roles>
				<role name="abstractclass">
					<class>org.netbeans.modules.debugger.support.actions.GoToSourceCookie</class>
				</role>
				<role name="concreteclass">
					<class>org.netbeans.modules.debugger.support.nodes.ThreadNode</class>
					<class>org.netbeans.modules.debugger.support.nodes.CallStackLineNode</class>
					<class>org.netbeans.modules.debugger.support.nodes.BreakpointNode</class>
				</role>
			</roles>
		</candidate>
		<candidate>
			<isPattern>false</isPattern>
			<roles>
				<role name="abstractclass">
					<class>org.openide.explorer.propertysheet.editors.NodePropertyEditor</class>
				</role>
				<role name="concreteclass">
					<class>org.openide.explorer.propertysheet.IndexedPropertyEditor</class>
				</role>
			</roles>
		</candidate>
		<candidate>
			<isPattern>false</isPattern>
			<roles>
				<role name="abstractclass">
					<class>org.openide.src.nodes.FilterFactory</class>
				</role>
				<role name="concreteclass">
					<class>org.netbeans.modules.javadoc.comments.JavaDocPropertySupportFactory</class>
					<class>org.netbeans.modules.beans.PatternsBrowserFactory</class>
					<class>org.netbeans.modules.beans.PatternsExplorerFactory</class>
				</role>
			</roles>
		</candidate>
		<candidate>
			<isPattern>false</isPattern>
			<roles>
				<role name="abstractclass">
					<class>org.netbeans.modules.db.explorer.nodes.DatabaseNode</class>
				</role>
				<role name="concreteclass">
					<class>org.netbeans.modules.db.explorer.nodes.DriverNode</class>
					<class>org.netbeans.modules.db.explorer.nodes.AdaptorListNode</class>
					<class>org.netbeans.modules.db.explorer.nodes.ProcedureListNode</class>
					<class>org.netbeans.modules.db.explorer.nodes.DriverListNode</class>
					<class>org.netbeans.modules.db.explorer.nodes.IndexNode</class>
					<class>org.netbeans.modules.db.explorer.nodes.ConnectionNode</class>
					<class>org.netbeans.modules.db.explorer.nodes.TableListNode</class>
					<class>org.netbeans.modules.db.explorer.nodes.ViewListNode</class>
					<class>org.netbeans.modules.db.explorer.nodes.LeafNode</class>
					<class>org.netbeans.modules.db.explorer.nodes.RootNode</class>
					<class>org.netbeans.modules.db.explorer.nodes.ProcedureNode</class>
					<class>org.netbeans.modules.db.explorer.nodes.ColumnNode</class>
					<class>org.netbeans.modules.db.explorer.nodes.ViewNode</class>
					<class>org.netbeans.modules.db.explorer.nodes.TableNode</class>
				</role>
			</roles>
		</candidate>
		<candidate>
			<isPattern>false</isPattern>
			<roles>
				<role name="abstractclass">
					<class>org.netbeans.modules.web.wizards.wizardfw.StandardWizardPanel</class>
				</role>
				<role name="concreteclass">
					<class>org.netbeans.modules.web.wizards.beanjsp.ui.JSPInputFieldsPanel</class>
					<class>org.netbeans.modules.web.wizards.beanjsp.ui.JSPPageNameAndStyleInfoPanel</class>
					<class>org.netbeans.modules.web.wizards.beanjsp.ui.JSPBizMethodsPanel</class>
					<class>org.netbeans.modules.web.wizards.beanjsp.ui.JSPDisplayFieldsPanel</class>
					<class>org.netbeans.modules.web.wizards.beanjsp.ui.JSPSubmitAndErrorURLInfoPanel</class>
					<class>org.netbeans.modules.web.wizards.beanjsp.ui.JSPSubmitProcessOptionPanel</class>
					<class>org.netbeans.modules.web.wizards.beanjsp.ui.JSPBeansSelectionPanel</class>
					<class>org.netbeans.modules.web.wizards.beanjsp.ui.JSPPageTypeOptionPanel</class>
				</role>
			</roles>
		</candidate>
		<candidate>
			<isPattern>false</isPattern>
			<roles>
				<role name="abstractclass">
					<class>org.netbeans.editor.ext.JCCellRenderer</class>
				</role>
				<role name="concreteclass">
					<class>org.netbeans.modules.editor.java.NbJCCellRenderer</class>
				</role>
			</roles>
		</candidate>
		<candidate>
			<isPattern>false</isPattern>
			<roles>
				<role name="abstractclass">
					<class>org.openide.execution.ExecutorTask</class>
				</role>
				<role name="concreteclass">
					<class>org.openide.compiler.CompilerSysProcess</class>
					<class>org.netbeans.core.execution.ExecutorTaskImpl</class>
					<class>org.netbeans.core.execution.DefaultSysProcess</class>
				</role>
			</roles>
		</candidate>
		<candidate>
			<isPattern>false</isPattern>
			<roles>
				<role name="abstractclass">
					<class>org.openide.nodes.NodeEvent</class>
				</role>
				<role name="concreteclass">
					<class>org.openide.nodes.NodeMemberEvent</class>
					<class>org.openide.nodes.NodeReorderEvent</class>
				</role>
			</roles>
		</candidate>
		<candidate>
			<isPattern>false</isPattern>
			<roles>
				<role name="abstractclass">
					<class>org.netbeans.lib.ddl.impl.ColumnListCommand</class>
				</role>
				<role name="concreteclass">
					<class>org.netbeans.lib.ddl.impl.CreateIndex</class>
					<class>org.netbeans.lib.ddl.impl.AddColumn</class>
					<class>org.netbeans.lib.ddl.impl.CreateTable</class>
				</role>
			</roles>
		</candidate>
		<candidate>
			<isPattern>false</isPattern>
			<roles>
				<role name="abstractclass">
					<class>org.openide.explorer.view.ListView</class>
				</role>
				<role name="concreteclass">
					<class>org.openide.explorer.view.IconView</class>
				</role>
			</roles>
		</candidate>
		<candidate>
			<isPattern>false</isPattern>
			<roles>
				<role name="abstractclass">
					<class>org.netbeans.modules.antlr.debug.TestHarness</class>
				</role>
				<role name="concreteclass">
					<class>org.netbeans.modules.antlr.debug.SyntaxToHTML</class>
				</role>
			</roles>
		</candidate>
		<candidate>
			<isPattern>false</isPattern>
			<roles>
				<role name="abstractclass">
					<class>org.netbeans.modules.debugger.support.CoreBreakpoint</class>
				</role>
				<role name="concreteclass">
					<class>org.netbeans.modules.debugger.delegator.DelegatingBreakpoint</class>
				</role>
			</roles>
		</candidate>
		<candidate>
			<isPattern>false</isPattern>
			<roles>
				<role name="abstractclass">
					<class>org.netbeans.lib.ddl.CreateTriggerCommand</class>
				</role>
				<role name="concreteclass">
					<class>org.netbeans.lib.ddl.impl.CreateTrigger</class>
				</role>
			</roles>
		</candidate>
		<candidate>
			<isPattern>false</isPattern>
			<roles>
				<role name="abstractclass">
					<class>org.netbeans.modules.form.FormCookie</class>
				</role>
				<role name="concreteclass">
					<class>org.netbeans.modules.form.RADLayoutNode</class>
					<class>org.netbeans.modules.form.RADComponentNode</class>
					<class>org.netbeans.modules.form.FormEditorSupport</class>
				</role>
			</roles>
		</candidate>
		<candidate>
			<isPattern>false</isPattern>
			<roles>
				<role name="abstractclass">
					<class>org.openide.compiler.ExternalCompiler</class>
				</role>
				<role name="concreteclass">
					<class>org.netbeans.modules.java.JExternalCompiler</class>
					<class>org.netbeans.modules.corba.IDLExternalCompiler</class>
					<class>org.netbeans.modules.rmi.RMIStubCompiler</class>
					<class>org.netbeans.modules.multicompile.LazyCompiler</class>
					<class>org.netbeans.modules.makefile.MakefileCompiler</class>
				</role>
			</roles>
		</candidate>
		<candidate>
			<isPattern>false</isPattern>
			<roles>
				<role name="abstractclass">
					<class>org.openide.loaders.MultiDataObject</class>
				</role>
				<role name="concreteclass">
					<class>org.openide.loaders.XMLDataObject</class>
					<class>org.openide.loaders.InstanceDataObject</class>
					<class>org.netbeans.examples.modules.minicomposer.ScoreDataObject</class>
					<class>org.netbeans.examples.modules.audioloader.AudioDataObject</class>
					<class>org.netbeans.modules.java.JavaDataObject</class>
					<class>org.netbeans.modules.html.HtmlDataObject</class>
					<class>org.netbeans.modules.corba.IDLDataObject</class>
					<class>org.netbeans.modules.text.TXTDataObject</class>
					<class>org.netbeans.modules.antlr.old.GCreatedDataObject</class>
					<class>org.netbeans.modules.antlr.GDataObject</class>
					<class>org.netbeans.modules.form.FormDataObject</class>
					<class>org.netbeans.modules.apisupport.ModuleDataObject</class>
					<class>org.netbeans.modules.apisupport.ManifestDataObject</class>
					<class>org.netbeans.modules.url.URLDataObject</class>
					<class>org.netbeans.modules.properties.PropertiesDataObject</class>
					<class>org.netbeans.modules.rmi.RMIDataObject</class>
					<class>org.netbeans.modules.image.ImageDataObject</class>
					<class>org.netbeans.modules.web.core.WebDataObject</class>
					<class>org.netbeans.modules.web.core.jsploader.JspDataObject</class>
					<class>org.netbeans.modules.clazz.ClassDataObject</class>
					<class>org.netbeans.modules.jarpackager.JarDataObject</class>
					<class>org.netbeans.modules.multicompile.GenericDataObject</class>
					<class>org.netbeans.modules.makefile.MakefileDataObject</class>
				</role>
			</roles>
		</candidate>
		<candidate>
			<isPattern>false</isPattern>
			<roles>
				<role name="abstractclass">
					<class>org.netbeans.modules.java.JavaExternalCompilerTypeBeanInfo</class>
				</role>
				<role name="concreteclass">
					<class>org.netbeans.modules.java.FastJavacCompilerTypeBeanInfo</class>
				</role>
			</roles>
		</candidate>
		<candidate>
			<isPattern>false</isPattern>
			<roles>
				<role name="abstractclass">
					<class>org.netbeans.editor.BaseElement</class>
				</role>
				<role name="concreteclass">
					<class>org.netbeans.editor.LeafElement</class>
				</role>
			</roles>
		</candidate>
		<candidate>
			<isPattern>false</isPattern>
			<roles>
				<role name="abstractclass">
					<class>org.netbeans.modules.corba.idl.src.IDLParserConstants</class>
				</role>
				<role name="concreteclass">
					<class>org.netbeans.modules.corba.idl.src.IDLParserTokenManager</class>
					<class>org.netbeans.modules.corba.idl.src.IDLParser</class>
				</role>
			</roles>
		</candidate>
		<candidate>
			<isPattern>false</isPattern>
			<roles>
				<role name="abstractclass">
					<class>org.openide.cookies.CloseCookie</class>
				</role>
				<role name="concreteclass">
					<class>org.openide.text.EditorSupport</class>
					<class>org.netbeans.examples.modules.minicomposer.ScoreOpenSupport</class>
					<class>org.netbeans.modules.properties.PropertiesEditorSupport</class>
				</role>
			</roles>
		</candidate>
		<candidate>
			<isPattern>false</isPattern>
			<roles>
				<role name="abstractclass">
					<class>org.netbeans.modules.editor.options.BaseOptions</class>
				</role>
				<role name="concreteclass">
					<class>org.netbeans.modules.corba.idl.editor.settings.IDLOptions</class>
					<class>org.netbeans.modules.antlr.editor.GOptions</class>
					<class>org.netbeans.modules.properties.syntax.PropertiesOptions</class>
					<class>org.netbeans.modules.web.core.syntax.JSPOptions</class>
					<class>org.netbeans.modules.editor.options.HTMLOptions</class>
					<class>org.netbeans.modules.editor.options.PlainOptions</class>
					<class>org.netbeans.modules.editor.options.JavaOptions</class>
				</role>
			</roles>
		</candidate>
		<candidate>
			<isPattern>false</isPattern>
			<roles>
				<role name="abstractclass">
					<class>org.openide.src.ElementProperties</class>
				</role>
				<role name="concreteclass">
					<class>org.netbeans.beaninfo.MemberElementBeanInfo</class>
				</role>
			</roles>
		</candidate>
		<candidate>
			<isPattern>false</isPattern>
			<roles>
				<role name="abstractclass">
					<class>org.openide.nodes.NodeAdapter</class>
				</role>
				<role name="concreteclass">
					<class>org.openide.nodes.ChildrenArray</class>
				</role>
			</roles>
		</candidate>
		<candidate>
			<isPattern>false</isPattern>
			<roles>
				<role name="abstractclass">
					<class>org.netbeans.modules.search.types.TextType</class>
				</role>
				<role name="concreteclass">
					<class>org.netbeans.modules.search.types.FullTextType</class>
					<class>org.netbeans.modules.search.types.ObjectNameType</class>
				</role>
			</roles>
		</candidate>
		<candidate>
			<isPattern>false</isPattern>
			<roles>
				<role name="abstractclass">
					<class>org.openide.windows.CloneableTopComponent</class>
				</role>
				<role name="concreteclass">
					<class>org.netbeans.examples.modules.minicomposer.ScorePanel</class>
					<class>org.netbeans.examples.modules.audioloader.AudioViewer</class>
					<class>org.netbeans.core.NbMainExplorer</class>
					<class>org.netbeans.modules.image.ImageViewer</class>
				</role>
			</roles>
		</candidate>
		<candidate>
			<isPattern>false</isPattern>
			<roles>
				<role name="abstractclass">
					<class>com.taursys.swing.test.PersonVO</class>
				</role>
				<role name="concreteclass">
					<class>com.taursys.swing.test.BeverlyCrusherVO</class>
					<class>com.taursys.swing.test.WilliamTRikerVO</class>
					<class>com.taursys.swing.test.JeanLucPicardVO</class>
				</role>
			</roles>
		</candidate>
		<candidate>
			<isPattern>false</isPattern>
			<roles>
				<role name="abstractclass">
					<class>com.taursys.xml.DocumentElement</class>
				</role>
				<role name="concreteclass">
					<class>com.taursys.xml.Template</class>
					<class>com.taursys.xml.Form</class>
				</role>
			</roles>
		</candidate>
		<candidate>
			<isPattern>false</isPattern>
			<roles>
				<role name="abstractclass">
					<class>com.taursys.debug.LoggerAdapter</class>
				</role>
				<role name="concreteclass">
					<class>com.taursys.debug.SimpleLogger</class>
				</role>
			</roles>
		</candidate>
		<candidate>
			<isPattern>false</isPattern>
			<roles>
				<role name="abstractclass">
					<class>com.taursys.dom.DocumentAdapter</class>
				</role>
				<role name="concreteclass">
					<class>com.taursys.dom.DOM_1_20000929_DocumentAdapter</class>
				</role>
			</roles>
		</candidate>
		<candidate>
			<isPattern>false</isPattern>
			<roles>
				<role name="abstractclass">
					<class>com.taursys.servlet.ServletForm</class>
				</role>
				<role name="concreteclass">
					<class>com.taursys.servlet.DefaultMessageForm</class>
				</role>
			</roles>
		</candidate>
		<candidate>
			<isPattern>false</isPattern>
			<roles>
				<role name="abstractclass">
					<class>com.taursys.xml.render.SelectFieldRenderer</class>
				</role>
				<role name="concreteclass">
					<class>com.taursys.html.render.HTMLSelectFieldRenderer</class>
					<class>com.taursys.xml.render.AttributeSelectFieldRenderer</class>
				</role>
			</roles>
		</candidate>
		<candidate>
			<isPattern>false</isPattern>
			<roles>
				<role name="abstractclass">
					<class>com.taursys.xml.Component</class>
				</role>
				<role name="concreteclass">
					<class>com.taursys.xml.Trigger</class>
					<class>com.taursys.xml.Parameter</class>
				</role>
			</roles>
		</candidate>
		<candidate>
			<isPattern>false</isPattern>
			<roles>
				<role name="abstractclass">
					<class>com.taursys.model.SelectModelException</class>
				</role>
				<role name="concreteclass">
					<class>com.taursys.model.NotInListException</class>
				</role>
			</roles>
		</candidate>
		<candidate>
			<isPattern>false</isPattern>
			<roles>
				<role name="abstractclass">
					<class>com.taursys.model.TextModel</class>
				</role>
				<role name="concreteclass">
					<class>com.taursys.model.DefaultCheckboxModel</class>
					<class>com.taursys.model.DefaultTextModel</class>
				</role>
			</roles>
		</candidate>
		<candidate>
			<isPattern>false</isPattern>
			<roles>
				<role name="abstractclass">
					<class>CH.ifa.draw.framework.ConnectionFigure</class>
				</role>
				<role name="concreteclass">
					<class>CH.ifa.draw.samples.pert.PertDependency</class>
					<class>CH.ifa.draw.figures.ElbowConnection</class>
					<class>CH.ifa.draw.figures.LineConnection</class>
				</role>
			</roles>
		</candidate>
		<candidate>
			<isPattern>false</isPattern>
			<roles>
				<role name="abstractclass">
					<class>CH.ifa.draw.util.PaletteListener</class>
				</role>
				<role name="concreteclass">
					<class>CH.ifa.draw.applet.DrawApplet</class>
					<class>CH.ifa.draw.application.DrawApplication</class>
				</role>
			</roles>
		</candidate>
		<candidate>
			<isPattern>false</isPattern>
			<roles>
				<role name="abstractclass">
					<class>CH.ifa.draw.standard.DecoratorFigure</class>
				</role>
				<role name="concreteclass">
					<class>CH.ifa.draw.samples.javadraw.AnimationDecorator</class>
					<class>CH.ifa.draw.figures.BorderDecorator</class>
				</role>
			</roles>
		</candidate>
		<candidate>
			<isPattern>false</isPattern>
			<roles>
				<role name="abstractclass">
					<class>CH.ifa.draw.util.Animatable</class>
				</role>
				<role name="concreteclass">
					<class>CH.ifa.draw.samples.javadraw.BouncingDrawing</class>
				</role>
			</roles>
		</candidate>
		<candidate>
			<isPattern>false</isPattern>
			<roles>
				<role name="abstractclass">
					<class>CH.ifa.draw.framework.PointConstrainer</class>
				</role>
				<role name="concreteclass">
					<class>CH.ifa.draw.standard.GridConstrainer</class>
				</role>
			</roles>
		</candidate>
		<candidate>
			<isPattern>false</isPattern>
			<roles>
				<role name="abstractclass">
					<class>CH.ifa.draw.standard.CompositeFigure</class>
				</role>
				<role name="concreteclass">
					<class>CH.ifa.draw.samples.pert.PertFigure</class>
					<class>CH.ifa.draw.samples.javadraw.BouncingDrawing</class>
					<class>CH.ifa.draw.figures.GroupFigure</class>
					<class>CH.ifa.draw.standard.StandardDrawing</class>
				</role>
			</roles>
		</candidate>
		<candidate>
			<isPattern>false</isPattern>
			<roles>
				<role name="abstractclass">
					<class>CH.ifa.draw.standard.AbstractLocator</class>
				</role>
				<role name="concreteclass">
					<class>CH.ifa.draw.figures.PolyLineLocator</class>
					<class>CH.ifa.draw.figures.ElbowTextLocator</class>
					<class>CH.ifa.draw.standard.OffsetLocator</class>
					<class>CH.ifa.draw.standard.RelativeLocator</class>
				</role>
			</roles>
		</candidate>
		<candidate>
			<isPattern>false</isPattern>
			<roles>
				<role name="abstractclass">
					<class>CH.ifa.draw.figures.LineConnection</class>
				</role>
				<role name="concreteclass">
					<class>CH.ifa.draw.samples.pert.PertDependency</class>
					<class>CH.ifa.draw.figures.ElbowConnection</class>
				</role>
			</roles>
		</candidate>
		<candidate>
			<isPattern>false</isPattern>
			<roles>
				<role name="abstractclass">
					<class>CH.ifa.draw.figures.PolyLineFigure</class>
				</role>
				<role name="concreteclass">
					<class>CH.ifa.draw.samples.pert.PertDependency</class>
					<class>CH.ifa.draw.figures.ElbowConnection</class>
					<class>CH.ifa.draw.figures.LineFigure</class>
					<class>CH.ifa.draw.figures.LineConnection</class>
				</role>
			</roles>
		</candidate>
		<candidate>
			<isPattern>false</isPattern>
			<roles>
				<role name="abstractclass">
					<class>org.acm.seguin.parser.JavaParserVisitor</class>
				</role>
				<role name="concreteclass">
					<class>org.acm.seguin.summary.LineCountVisitor</class>
					<class>org.acm.seguin.summary.SummaryLoadVisitor</class>
					<class>org.acm.seguin.parser.query.CompareParseTreeVisitor</class>
					<class>org.acm.seguin.parser.query.EqualTree</class>
					<class>org.acm.seguin.parser.ChildrenVisitor</class>
					<class>org.acm.seguin.refactor.field.RenameFieldVisitor</class>
					<class>org.acm.seguin.refactor.field.RemoveFieldVisitor</class>
					<class>org.acm.seguin.refactor.method.MoveMethodVisitor</class>
					<class>org.acm.seguin.refactor.method.RemoveMethodVisitor</class>
					<class>org.acm.seguin.refactor.method.FindLocalVariableDeclVisitor</class>
					<class>org.acm.seguin.refactor.method.RenameParameterVisitor</class>
					<class>org.acm.seguin.refactor.type.RenameTypeVisitor</class>
					<class>org.acm.seguin.pretty.SpecialTokenVisitor</class>
					<class>org.acm.seguin.pretty.PrettyPrintVisitor</class>
					<class>org.acm.seguin.tools.stub.StubPrintVisitor</class>
				</role>
			</roles>
		</candidate>
		<candidate>
			<isPattern>false</isPattern>
			<roles>
				<role name="abstractclass">
					<class>org.acm.seguin.ide.common.action.RemoveClassAction</class>
				</role>
				<role name="concreteclass">
					<class>org.acm.seguin.ide.jbuilder.refactor.JBuilderRemoveClassAction</class>
				</role>
			</roles>
		</candidate>
		<candidate>
			<isPattern>false</isPattern>
			<roles>
				<role name="abstractclass">
					<class>org.acm.seguin.refactor.type.RenameClassVisitor</class>
				</role>
				<role name="concreteclass">
					<class>org.acm.seguin.refactor.type.RemoveClassVisitor</class>
				</role>
			</roles>
		</candidate>
		<candidate>
			<isPattern>false</isPattern>
			<roles>
				<role name="abstractclass">
					<class>org.acm.seguin.ide.common.action.AddParentClassAction</class>
				</role>
				<role name="concreteclass">
					<class>org.acm.seguin.ide.jbuilder.refactor.JBuilderAddParentClassAction</class>
				</role>
			</roles>
		</candidate>
		<candidate>
			<isPattern>false</isPattern>
			<roles>
				<role name="abstractclass">
					<class>org.acm.seguin.pretty.JavaDocable</class>
				</role>
				<role name="concreteclass">
					<class>org.acm.seguin.parser.ast.ASTClassDeclaration</class>
					<class>org.acm.seguin.parser.ast.ASTInterfaceDeclaration</class>
					<class>org.acm.seguin.parser.ast.ASTNestedInterfaceDeclaration</class>
					<class>org.acm.seguin.parser.ast.ASTPackageDeclaration</class>
					<class>org.acm.seguin.parser.ast.ASTConstructorDeclaration</class>
					<class>org.acm.seguin.parser.ast.ASTMethodDeclaration</class>
					<class>org.acm.seguin.parser.ast.ASTFieldDeclaration</class>
					<class>org.acm.seguin.parser.ast.ASTNestedClassDeclaration</class>
					<class>org.acm.seguin.pretty.JavaDocableImpl</class>
				</role>
			</roles>
		</candidate>
		<candidate>
			<isPattern>false</isPattern>
			<roles>
				<role name="abstractclass">
					<class>org.acm.seguin.util.Settings</class>
				</role>
				<role name="concreteclass">
					<class>org.acm.seguin.util.FileSettings</class>
				</role>
			</roles>
		</candidate>
		<candidate>
			<isPattern>false</isPattern>
			<roles>
				<role name="abstractclass">
					<class>org.acm.seguin.uml.refactor.ClassNameDialog</class>
				</role>
				<role name="concreteclass">
					<class>org.acm.seguin.uml.refactor.ExtractInterfaceDialog</class>
					<class>org.acm.seguin.uml.refactor.RenameParameterDialog</class>
					<class>org.acm.seguin.uml.refactor.RenameClassDialog</class>
					<class>org.acm.seguin.uml.refactor.RenameFieldDialog</class>
					<class>org.acm.seguin.uml.refactor.AddChildClassDialog</class>
					<class>org.acm.seguin.uml.refactor.AddAbstractParentDialog</class>
				</role>
			</roles>
		</candidate>
		<candidate>
			<isPattern>false</isPattern>
			<roles>
				<role name="abstractclass">
					<class>org.acm.seguin.parser.Node</class>
				</role>
				<role name="concreteclass">
					<class>org.acm.seguin.parser.ast.ASTPostfixExpression</class>
					<class>org.acm.seguin.parser.ast.ASTStatementExpression</class>
					<class>org.acm.seguin.parser.ast.ASTContinueStatement</class>
					<class>org.acm.seguin.parser.ast.ASTRelationalExpression</class>
					<class>org.acm.seguin.parser.ast.ASTClassDeclaration</class>
					<class>org.acm.seguin.parser.ast.ASTEqualityExpression</class>
					<class>org.acm.seguin.parser.ast.ASTPrimaryPrefix</class>
					<class>org.acm.seguin.parser.ast.ASTPrimitiveType</class>
					<class>org.acm.seguin.parser.ast.ASTInterfaceDeclaration</class>
					<class>org.acm.seguin.parser.ast.ASTNestedInterfaceDeclaration</class>
					<class>org.acm.seguin.parser.ast.ASTAdditiveExpression</class>
					<class>org.acm.seguin.parser.ast.ASTUnmodifiedInterfaceDeclaration</class>
					<class>org.acm.seguin.parser.ast.ASTUnmodifiedClassDeclaration</class>
					<class>org.acm.seguin.parser.ast.ASTAssignmentOperator</class>
					<class>org.acm.seguin.parser.ast.ASTShiftExpression</class>
					<class>org.acm.seguin.parser.ast.ASTInitializer</class>
					<class>org.acm.seguin.parser.ast.ASTBreakStatement</class>
					<class>org.acm.seguin.parser.ast.ASTFormalParameter</class>
					<class>org.acm.seguin.parser.ast.ASTConstructorDeclaration</class>
					<class>org.acm.seguin.parser.ast.ASTMultiplicativeExpression</class>
					<class>org.acm.seguin.parser.ast.ASTLabeledStatement</class>
					<class>org.acm.seguin.parser.ast.ASTMethodDeclaration</class>
					<class>org.acm.seguin.parser.ast.ASTFieldDeclaration</class>
					<class>org.acm.seguin.parser.ast.ASTVariableDeclaratorId</class>
					<class>org.acm.seguin.parser.ast.ASTUnaryExpression</class>
					<class>org.acm.seguin.parser.ast.ASTBooleanLiteral</class>
					<class>org.acm.seguin.parser.ast.ASTLiteral</class>
					<class>org.acm.seguin.parser.ast.ASTMethodDeclarator</class>
					<class>org.acm.seguin.parser.ast.ASTLocalVariableDeclaration</class>
					<class>org.acm.seguin.parser.ast.ASTUnaryExpressionNotPlusMinus</class>
					<class>org.acm.seguin.parser.ast.ASTName</class>
					<class>org.acm.seguin.parser.ast.ASTNestedClassDeclaration</class>
					<class>org.acm.seguin.parser.ast.SimpleNode</class>
					<class>org.acm.seguin.parser.ast.ASTPrimarySuffix</class>
				</role>
			</roles>
		</candidate>
		<candidate>
			<isPattern>false</isPattern>
			<roles>
				<role name="abstractclass">
					<class>org.acm.seguin.io.Saveable</class>
				</role>
				<role name="concreteclass">
					<class>org.acm.seguin.uml.UMLPackage</class>
					<class>org.acm.seguin.ide.command.PackageSelectorPanel</class>
				</role>
			</roles>
		</candidate>
		<candidate>
			<isPattern>false</isPattern>
			<roles>
				<role name="abstractclass">
					<class>org.acm.seguin.refactor.method.PushUpMethodRefactoring</class>
				</role>
				<role name="concreteclass">
					<class>org.acm.seguin.refactor.method.PushUpAbstractMethodRefactoring</class>
				</role>
			</roles>
		</candidate>
		<candidate>
			<isPattern>false</isPattern>
			<roles>
				<role name="abstractclass">
					<class>org.acm.seguin.parser.query.CompareParseTreeVisitor</class>
				</role>
				<role name="concreteclass">
					<class>org.acm.seguin.parser.query.EqualTree</class>
				</role>
			</roles>
		</candidate>
		<candidate>
			<isPattern>false</isPattern>
			<roles>
				<role name="abstractclass">
					<class>org.acm.seguin.summary.FrameworkLoader</class>
				</role>
				<role name="concreteclass">
					<class>org.acm.seguin.summary.FrameworkFileSummaryLoader</class>
					<class>org.acm.seguin.summary.load.FlashLoader</class>
				</role>
			</roles>
		</candidate>
		<candidate>
			<isPattern>false</isPattern>
			<roles>
				<role name="abstractclass">
					<class>junit.framework.TestSuite</class>
				</role>
				<role name="concreteclass">
					<class>junit.extensions.ActiveTestSuite</class>
				</role>
			</roles>
		</candidate>
		<candidate>
			<isPattern>false</isPattern>
			<roles>
				<role name="abstractclass">
					<class>junit.framework.TestCase</class>
				</role>
				<role name="concreteclass">
					<class>junit.tests.Success</class>
					<class>junit.tests.ActiveTestTest</class>
					<class>junit.tests.TextRunnerTest</class>
					<class>junit.tests.NotPublicTestCase</class>
					<class>junit.tests.OneTestCase</class>
					<class>junit.tests.SuiteTest</class>
					<class>junit.tests.TestListenerTest</class>
					<class>junit.tests.TestCaseTest</class>
					<class>junit.tests.ExtensionTest</class>
					<class>junit.tests.TestCaseClassLoaderTest</class>
					<class>junit.tests.SorterTest</class>
					<class>junit.tests.StackFilterTest</class>
					<class>junit.tests.WasRun</class>
					<class>junit.tests.NotVoidTestCase</class>
					<class>junit.tests.Failure</class>
					<class>junit.tests.AssertTest</class>
					<class>junit.tests.ExceptionTestCaseTest</class>
					<class>junit.tests.NoTestCases</class>
					<class>junit.tests.TestImplementorTest</class>
					<class>junit.tests.RepeatedTestTest</class>
					<class>junit.extensions.ExceptionTestCase</class>
					<class>junit.samples.money.MoneyTest</class>
					<class>junit.samples.VectorTest</class>
					<class>junit.samples.SimpleTest</class>
				</role>
			</roles>
		</candidate>
		<candidate>
			<isPattern>false</isPattern>
			<roles>
				<role name="abstractclass">
					<class>junit.swingui.TestRunContext</class>
				</role>
				<role name="concreteclass">
					<class>junit.swingui.TestRunner</class>
				</role>
			</roles>
		</candidate>
		<candidate>
			<isPattern>false</isPattern>
			<roles>
				<role name="abstractclass">
					<class>net.sourceforge.pmd.cpd.CPDListener</class>
				</role>
				<role name="concreteclass">
					<class>net.sourceforge.pmd.cpd.GUI</class>
					<class>net.sourceforge.pmd.cpd.CPDNullListener</class>
				</role>
			</roles>
		</candidate>
		<candidate>
			<isPattern>false</isPattern>
			<roles>
				<role name="abstractclass">
					<class>net.sourceforge.pmd.ast.CharStream</class>
				</role>
				<role name="concreteclass">
					<class>net.sourceforge.pmd.ast.JavaCharStream</class>
				</role>
			</roles>
		</candidate>
		<candidate>
			<isPattern>false</isPattern>
			<roles>
				<role name="abstractclass">
					<class>net.sourceforge.pmd.ast.JavaParserVisitorAdapter</class>
				</role>
				<role name="concreteclass">
					<class>net.sourceforge.pmd.symboltable.BasicScopeCreationVisitor</class>
					<class>net.sourceforge.pmd.symboltable.SymbolFacade</class>
					<class>net.sourceforge.pmd.symboltable.DeclarationFinder</class>
				</role>
			</roles>
		</candidate>
		<candidate>
			<isPattern>false</isPattern>
			<roles>
				<role name="abstractclass">
					<class>diagram.figures.RectangularFigure</class>
				</role>
				<role name="concreteclass">
					<class>uml.diagram.ClassFigure</class>
					<class>uml.diagram.NoteFigure</class>
					<class>uml.diagram.InterfaceFigure</class>
				</role>
			</roles>
		</candidate>
		<candidate>
			<isPattern>false</isPattern>
			<roles>
				<role name="abstractclass">
					<class>diagram.tool.ToolListener</class>
				</role>
				<role name="concreteclass">
					<class>uml.ui.ToolPalette</class>
				</role>
			</roles>
		</candidate>
		<candidate>
			<isPattern>false</isPattern>
			<roles>
				<role name="abstractclass">
					<class>diagram.FigureRenderer</class>
				</role>
				<role name="concreteclass">
					<class>diagram.LinkLabel</class>
					<class>diagram.DefaultLinkRenderer</class>
					<class>diagram.DefaultFigureRenderer</class>
					<class>diagram.DefaultLabelRenderer</class>
				</role>
			</roles>
		</candidate>
		<candidate>
			<isPattern>false</isPattern>
			<roles>
				<role name="abstractclass">
					<class>diagram.tool.AbstractTool</class>
				</role>
				<role name="concreteclass">
					<class>uml.ui.CardinalityTool</class>
					<class>diagram.tool.FigureTool</class>
					<class>diagram.tool.ClipboardTool</class>
					<class>diagram.tool.LinkShappingTool</class>
					<class>diagram.tool.FigureDraggingTool</class>
					<class>diagram.tool.SelectionTool</class>
					<class>diagram.tool.LinkTool</class>
					<class>diagram.tool.EditingTool</class>
					<class>diagram.tool.FigureShappingTool</class>
				</role>
			</roles>
		</candidate>
		<candidate>
			<isPattern>false</isPattern>
			<roles>
				<role name="abstractclass">
					<class>util.WrappedIterator</class>
				</role>
				<role name="concreteclass">
					<class>util.FilteredIterator</class>
				</role>
			</roles>
		</candidate>
		<candidate>
			<isPattern>false</isPattern>
			<roles>
				<role name="abstractclass">
					<class>diagram.Figure</class>
				</role>
				<role name="concreteclass">
					<class>diagram.figures.PolygonFigure</class>
					<class>diagram.figures.PointFigure</class>
					<class>diagram.figures.CircularFigure</class>
					<class>diagram.figures.RectangularFigure</class>
					<class>diagram.figures.PolyLink</class>
				</role>
			</roles>
		</candidate>
		<candidate>
			<isPattern>false</isPattern>
			<roles>
				<role name="abstractclass">
					<class>diagram.figures.PolyLink</class>
				</role>
				<role name="concreteclass">
					<class>uml.diagram.GeneralizationLink</class>
					<class>uml.diagram.AssociationLink</class>
					<class>uml.diagram.DependencyLink</class>
					<class>uml.diagram.RealizationLink</class>
					<class>uml.diagram.CompositionLink</class>
				</role>
			</roles>
		</candidate>
		<candidate>
			<isPattern>false</isPattern>
			<roles>
				<role name="abstractclass">
					<class>diagram.FigureEditor</class>
				</role>
				<role name="concreteclass">
					<class>diagram.DefaultFigureEditor</class>
				</role>
			</roles>
		</candidate>
		<candidate>
			<isPattern>false</isPattern>
			<roles>
				<role name="abstractclass">
					<class>diagram.DefaultLinkRenderer</class>
				</role>
				<role name="concreteclass">
					<class>uml.diagram.RealizationLinkRenderer</class>
					<class>uml.diagram.GeneralizationLinkRenderer</class>
					<class>uml.diagram.DependencyLinkRenderer</class>
					<class>uml.diagram.AssociationLinkRenderer</class>
					<class>uml.diagram.CompositionLinkRenderer</class>
				</role>
			</roles>
		</candidate>
	</candidates>
</patternData>
