<patternData>
	<projectPath></projectPath>
	<pattern>Visitor</pattern>
	<roles>
		<role>element</role>
		<role>visitor</role>
		<role>concretevisitor</role>
		<role>concreteelement</role>
	</roles>
	<candidates>
		<candidate>
			<isPattern>true</isPattern>
			<roles>
				<role name="element">
					<class>org.acm.seguin.parser.Node</class>
				</role>
				<role name="visitor">
					<class>org.acm.seguin.parser.JavaParserVisitor</class>
				</role>
				<role name="concretevisitor">
					<class>org.acm.seguin.parser.ChildrenVisitor</class>
					<class>org.acm.seguin.parser.ChildrenVisitor</class>
					<class>org.acm.seguin.refactor.field.AddFieldVisitor</class>
					<class>org.acm.seguin.refactor.type.AddImplementedInterfaceVisitor</class>
					<class>org.acm.seguin.refactor.method.AddMethodVisitor</class>
					<class>org.acm.seguin.refactor.method.FindLocalVariableDeclVisitor</class>
					<class>org.acm.seguin.refactor.method.IdentifyMethodVisitor</class>
					<class>org.acm.seguin.refactor.method.ChangeMethodScopeVisitor</class>
					<class>org.acm.seguin.refactor.method.RemoveMethodVisitor</class>
					<class>org.acm.seguin.refactor.method.RenameParameterVisitor</class>
					<class>org.acm.seguin.refactor.method.MoveMethodVisitor</class>
					<class>org.acm.seguin.refactor.field.RemoveFieldVisitor</class>
					<class>org.acm.seguin.refactor.field.RemoveFieldVisitor</class>
					<class>org.acm.seguin.refactor.type.RenameParentVisitor</class>
					<class>org.acm.seguin.refactor.type.RenameTypeVisitor</class>
					<class>org.acm.seguin.tools.international.StringListVisitor</class>
					<class>org.acm.seguin.parser.query.CompareParseTreeVisitor</class>
					<class>org.acm.seguin.parser.query.EqualTree</class>
					<class>org.acm.seguin.summary.LineCountVisitor</class>
					<class>org.acm.seguin.summary.SummaryLoadVisitor</class>
					<class>org.acm.seguin.pretty.PrettyPrintVisitor</class>
					<class>org.acm.seguin.pretty.SpecialTokenVisitor</class>
					<class>org.acm.seguin.tools.stub.StubPrintVisitor</class>
				</role>
				<role name="concreteelement">
					<class>org.acm.seguin.parser.ast.SimpleNode</class>
					<class>org.acm.seguin.parser.ast.ASTAdditiveExpression</class>
					<class>org.acm.seguin.parser.ast.ASTAllocationExpression</class>
					<class>org.acm.seguin.parser.ast.ASTAndExpression</class>
					<class>org.acm.seguin.parser.ast.ASTArgumentList</class>
					<class>org.acm.seguin.parser.ast.ASTArguments</class>
					<class>org.acm.seguin.parser.ast.ASTArrayDimsAndInits</class>
					<class>org.acm.seguin.parser.ast.ASTArrayInitializer</class>
					<class>org.acm.seguin.parser.ast.ASTAssignmentOperator</class>
					<class>org.acm.seguin.parser.ast.ASTBlock</class>
					<class>org.acm.seguin.parser.ast.ASTBlockStatement</class>
					<class>org.acm.seguin.parser.ast.ASTBooleanLiteral</class>
					<class>org.acm.seguin.parser.ast.ASTBreakStatement</class>
					<class>org.acm.seguin.parser.ast.ASTCastExpression</class>
					<class>org.acm.seguin.parser.ast.ASTCastLookahead</class>
					<class>org.acm.seguin.parser.ast.ASTClassBody</class>
					<class>org.acm.seguin.parser.ast.ASTClassBodyDeclaration</class>
					<class>org.acm.seguin.parser.ast.ASTClassDeclaration</class>
					<class>org.acm.seguin.parser.ast.ASTCompilationUnit</class>
					<class>org.acm.seguin.parser.ast.ASTConditionalAndExpression</class>
					<class>org.acm.seguin.parser.ast.ASTConditionalExpression</class>
					<class>org.acm.seguin.parser.ast.ASTConditionalOrExpression</class>
					<class>org.acm.seguin.parser.ast.ASTConstructorDeclaration</class>
					<class>org.acm.seguin.parser.ast.ASTContinueStatement</class>
					<class>org.acm.seguin.parser.ast.ASTDoStatement</class>
					<class>org.acm.seguin.parser.ast.ASTEmptyStatement</class>
					<class>org.acm.seguin.parser.ast.ASTEqualityExpression</class>
					<class>org.acm.seguin.parser.ast.ASTExclusiveOrExpression</class>
					<class>org.acm.seguin.parser.ast.ASTExplicitConstructorInvocation</class>
					<class>org.acm.seguin.parser.ast.ASTExpression</class>
					<class>org.acm.seguin.parser.ast.ASTFieldDeclaration</class>
					<class>org.acm.seguin.parser.ast.ASTForInit</class>
					<class>org.acm.seguin.parser.ast.ASTForStatement</class>
					<class>org.acm.seguin.parser.ast.ASTForUpdate</class>
					<class>org.acm.seguin.parser.ast.ASTFormalParameter</class>
					<class>org.acm.seguin.parser.ast.ASTFormalParameters</class>
					<class>org.acm.seguin.parser.ast.ASTIfStatement</class>
					<class>org.acm.seguin.parser.ast.ASTImportDeclaration</class>
					<class>org.acm.seguin.parser.ast.ASTInclusiveOrExpression</class>
					<class>org.acm.seguin.parser.ast.ASTInitializer</class>
					<class>org.acm.seguin.parser.ast.ASTInstanceOfExpression</class>
					<class>org.acm.seguin.parser.ast.ASTInterfaceBody</class>
					<class>org.acm.seguin.parser.ast.ASTInterfaceDeclaration</class>
					<class>org.acm.seguin.parser.ast.ASTInterfaceMemberDeclaration</class>
					<class>org.acm.seguin.parser.ast.ASTLabeledStatement</class>
					<class>org.acm.seguin.parser.ast.ASTLiteral</class>
					<class>org.acm.seguin.parser.ast.ASTLocalVariableDeclaration</class>
					<class>org.acm.seguin.parser.ast.ASTMethodDeclaration</class>
					<class>org.acm.seguin.parser.ast.ASTMethodDeclarationLookahead</class>
					<class>org.acm.seguin.parser.ast.ASTMethodDeclarator</class>
					<class>org.acm.seguin.parser.ast.ASTMultiplicativeExpression</class>
					<class>org.acm.seguin.parser.ast.ASTName</class>
					<class>org.acm.seguin.parser.ast.ASTNameList</class>
					<class>org.acm.seguin.parser.ast.ASTNestedClassDeclaration</class>
					<class>org.acm.seguin.parser.ast.ASTNestedInterfaceDeclaration</class>
					<class>org.acm.seguin.parser.ast.ASTNullLiteral</class>
					<class>org.acm.seguin.parser.ast.ASTPackageDeclaration</class>
					<class>org.acm.seguin.parser.ast.ASTPostfixExpression</class>
					<class>org.acm.seguin.parser.ast.ASTPreDecrementExpression</class>
					<class>org.acm.seguin.parser.ast.ASTPreIncrementExpression</class>
					<class>org.acm.seguin.parser.ast.ASTPrimaryExpression</class>
					<class>org.acm.seguin.parser.ast.ASTPrimaryPrefix</class>
					<class>org.acm.seguin.parser.ast.ASTPrimarySuffix</class>
					<class>org.acm.seguin.parser.ast.ASTPrimitiveType</class>
					<class>org.acm.seguin.parser.ast.ASTRelationalExpression</class>
					<class>org.acm.seguin.parser.ast.ASTResultType</class>
					<class>org.acm.seguin.parser.ast.ASTReturnStatement</class>
					<class>org.acm.seguin.parser.ast.ASTShiftExpression</class>
					<class>org.acm.seguin.parser.ast.ASTStatement</class>
					<class>org.acm.seguin.parser.ast.ASTStatementExpression</class>
					<class>org.acm.seguin.parser.ast.ASTStatementExpressionList</class>
					<class>org.acm.seguin.parser.ast.ASTSwitchLabel</class>
					<class>org.acm.seguin.parser.ast.ASTSwitchStatement</class>
					<class>org.acm.seguin.parser.ast.ASTSynchronizedStatement</class>
					<class>org.acm.seguin.parser.ast.ASTThrowStatement</class>
					<class>org.acm.seguin.parser.ast.ASTTryStatement</class>
					<class>org.acm.seguin.parser.ast.ASTType</class>
					<class>org.acm.seguin.parser.ast.ASTTypeDeclaration</class>
					<class>org.acm.seguin.parser.ast.ASTUnaryExpression</class>
					<class>org.acm.seguin.parser.ast.ASTUnaryExpressionNotPlusMinus</class>
					<class>org.acm.seguin.parser.ast.ASTUnmodifiedClassDeclaration</class>
					<class>org.acm.seguin.parser.ast.ASTUnmodifiedInterfaceDeclaration</class>
					<class>org.acm.seguin.parser.ast.ASTVariableDeclarator</class>
					<class>org.acm.seguin.parser.ast.ASTVariableDeclaratorId</class>
					<class>org.acm.seguin.parser.ast.ASTVariableInitializer</class>
					<class>org.acm.seguin.parser.ast.ASTWhileStatement</class>
				</role>
			</roles>
		</candidate>
		<candidate>
			<isPattern>true</isPattern>
			<roles>
				<role name="element">
					<class>org.acm.seguin.summary.Summary</class>
				</role>
				<role name="visitor">
					<class>org.acm.seguin.summary.SummaryVisitor</class>
				</role>
				<role name="concretevisitor">
					<class>org.acm.seguin.metrics.GatherData</class>
					<class>org.acm.seguin.summary.TraversalVisitor</class>
					<class>org.acm.seguin.refactor.method.AddMethodTypeVisitor</class>
					<class>org.acm.seguin.summary.query.ChildClassSearcher</class>
					<class>org.acm.seguin.refactor.method.NearMissVisitor</class>
					<class>org.acm.seguin.summary.PrintVisitor</class>
					<class>org.acm.seguin.refactor.field.RemoveFieldFromSubclassVisitor</class>
					<class>org.acm.seguin.refactor.method.RemoveMethodFromSubclassVisitor</class>
					<class>org.acm.seguin.refactor.field.RenameSystemTraversal</class>
					<class>org.acm.seguin.refactor.EliminatePackageImportVisitor</class>
					<class>org.acm.seguin.refactor.type.MoveClassVisitor</class>
					<class>org.acm.seguin.refactor.type.RenameClassVisitor</class>
					<class>org.acm.seguin.refactor.type.RemoveClassVisitor</class>
				</role>
				<role name="concreteelement">
					<class>org.acm.seguin.summary.FieldAccessSummary</class>
					<class>org.acm.seguin.summary.FileSummary</class>
					<class>org.acm.seguin.summary.ImportSummary</class>
					<class>org.acm.seguin.summary.MessageSendSummary</class>
					<class>org.acm.seguin.summary.MethodSummary</class>
					<class>org.acm.seguin.summary.PackageSummary</class>
					<class>org.acm.seguin.summary.TypeDeclSummary</class>
					<class>org.acm.seguin.summary.TypeSummary</class>
					<class>org.acm.seguin.summary.VariableSummary</class>
					<class>org.acm.seguin.summary.FieldSummary</class>
					<class>org.acm.seguin.summary.LocalVariableSummary</class>
					<class>org.acm.seguin.summary.ParameterSummary</class>
				</role>
			</roles>
		</candidate>
		<candidate>
			<isPattern>true</isPattern>
			<roles>
				<role name="element">
					<class>net.sourceforge.pmd.ast.Node</class>
				</role>
				<role name="visitor">
					<class>net.sourceforge.pmd.ast.JavaParserVisitor</class>
				</role>
				<role name="concretevisitor">
					<class>net.sourceforge.pmd.ast.JavaParserVisitorAdapter</class>
				</role>
				<role name="concreteelement">
					<class>net.sourceforge.pmd.ast.ASTVariableDeclaratorId</class>
				</role>
			</roles>
		</candidate>
		<candidate>
			<isPattern>false</isPattern>
			<roles>
				<role name="element">
					<class>org.acm.seguin.parser.JavaParserTreeConstants</class>
				</role>
				<role name="visitor">
					<class>org.acm.seguin.parser.ast.SimpleNode</class>
				</role>
				<role name="concretevisitor">
					<class>org.acm.seguin.summary.LineCountVisitor</class>
					<class>org.acm.seguin.summary.ImportSummary</class>
					<class>org.acm.seguin.summary.TypeDeclSummary</class>
					<class>org.acm.seguin.summary.SummaryLoadVisitor</class>
					<class>org.acm.seguin.summary.FieldAccessSummary</class>
					<class>org.acm.seguin.summary.query.GetMethodSummary</class>
					<class>org.acm.seguin.summary.LocalVariableSummary</class>
					<class>org.acm.seguin.summary.FileSummary</class>
					<class>org.acm.seguin.parser.JavaParserVisitor</class>
					<class>org.acm.seguin.parser.ast.ASTPostfixExpression</class>
					<class>org.acm.seguin.parser.ast.ASTClassBody</class>
					<class>org.acm.seguin.parser.ast.ASTTryStatement</class>
					<class>org.acm.seguin.parser.ast.ASTStatementExpression</class>
					<class>org.acm.seguin.parser.ast.ASTContinueStatement</class>
					<class>org.acm.seguin.parser.ast.ASTArrayDimsAndInits</class>
					<class>org.acm.seguin.parser.ast.ASTVariableDeclarator</class>
					<class>org.acm.seguin.parser.ast.ASTTypeDeclaration</class>
					<class>org.acm.seguin.parser.ast.ASTBlockStatement</class>
					<class>org.acm.seguin.parser.ast.ASTSwitchStatement</class>
					<class>org.acm.seguin.parser.ast.ASTInterfaceBody</class>
					<class>org.acm.seguin.parser.ast.ASTIfStatement</class>
					<class>org.acm.seguin.parser.ast.ASTArgumentList</class>
					<class>org.acm.seguin.parser.ast.ASTForInit</class>
					<class>org.acm.seguin.parser.ast.ASTRelationalExpression</class>
					<class>org.acm.seguin.parser.ast.ASTArguments</class>
					<class>org.acm.seguin.parser.ast.ASTInterfaceMemberDeclaration</class>
					<class>org.acm.seguin.parser.ast.ASTExclusiveOrExpression</class>
					<class>org.acm.seguin.parser.ast.ASTNullLiteral</class>
					<class>org.acm.seguin.parser.ast.ASTClassDeclaration</class>
					<class>org.acm.seguin.parser.ast.ASTPreDecrementExpression</class>
					<class>org.acm.seguin.parser.ast.ASTSynchronizedStatement</class>
					<class>org.acm.seguin.parser.ast.ASTConditionalOrExpression</class>
					<class>org.acm.seguin.parser.ast.ASTEqualityExpression</class>
					<class>org.acm.seguin.parser.ast.ASTPrimaryPrefix</class>
					<class>org.acm.seguin.parser.ast.ASTBlock</class>
					<class>org.acm.seguin.parser.ast.ASTResultType</class>
					<class>org.acm.seguin.parser.ast.ASTPrimitiveType</class>
					<class>org.acm.seguin.parser.ast.ASTInterfaceDeclaration</class>
					<class>org.acm.seguin.parser.ast.ASTNestedInterfaceDeclaration</class>
					<class>org.acm.seguin.parser.ast.ASTSwitchLabel</class>
					<class>org.acm.seguin.parser.ast.ASTAdditiveExpression</class>
					<class>org.acm.seguin.parser.ast.ASTUnmodifiedInterfaceDeclaration</class>
					<class>org.acm.seguin.parser.ast.ASTVariableInitializer</class>
					<class>org.acm.seguin.parser.ast.ASTForUpdate</class>
					<class>org.acm.seguin.parser.ast.ASTUnmodifiedClassDeclaration</class>
					<class>org.acm.seguin.parser.ast.ASTWhileStatement</class>
					<class>org.acm.seguin.parser.ast.ASTArrayInitializer</class>
					<class>org.acm.seguin.parser.ast.ASTAssignmentOperator</class>
					<class>org.acm.seguin.parser.ast.ASTShiftExpression</class>
					<class>org.acm.seguin.parser.ast.ASTInitializer</class>
					<class>org.acm.seguin.parser.ast.ASTBreakStatement</class>
					<class>org.acm.seguin.parser.ast.ASTType</class>
					<class>org.acm.seguin.parser.ast.ASTCompilationUnit</class>
					<class>org.acm.seguin.parser.ast.ASTNameList</class>
					<class>org.acm.seguin.parser.ast.ASTEmptyStatement</class>
					<class>org.acm.seguin.parser.ast.ASTCastExpression</class>
					<class>org.acm.seguin.parser.ast.ASTReturnStatement</class>
					<class>org.acm.seguin.parser.ast.ASTPackageDeclaration</class>
					<class>org.acm.seguin.parser.ast.ASTCastLookahead</class>
					<class>org.acm.seguin.parser.ast.ASTStatement</class>
					<class>org.acm.seguin.parser.ast.ASTFormalParameters</class>
					<class>org.acm.seguin.parser.ast.ASTInclusiveOrExpression</class>
					<class>org.acm.seguin.parser.ast.ASTFormalParameter</class>
					<class>org.acm.seguin.parser.ast.ASTConditionalExpression</class>
					<class>org.acm.seguin.parser.ast.ASTConstructorDeclaration</class>
					<class>org.acm.seguin.parser.ast.ASTMultiplicativeExpression</class>
					<class>org.acm.seguin.parser.ast.ASTLabeledStatement</class>
					<class>org.acm.seguin.parser.ast.ASTAllocationExpression</class>
					<class>org.acm.seguin.parser.ast.ASTInstanceOfExpression</class>
					<class>org.acm.seguin.parser.ast.ASTMethodDeclaration</class>
					<class>org.acm.seguin.parser.ast.ASTFieldDeclaration</class>
					<class>org.acm.seguin.parser.ast.ASTStatementExpressionList</class>
					<class>org.acm.seguin.parser.ast.ASTExpression</class>
					<class>org.acm.seguin.parser.ast.ASTConditionalAndExpression</class>
					<class>org.acm.seguin.parser.ast.ASTImportDeclaration</class>
					<class>org.acm.seguin.parser.ast.ASTVariableDeclaratorId</class>
					<class>org.acm.seguin.parser.ast.ASTUnaryExpression</class>
					<class>org.acm.seguin.parser.ast.ASTForStatement</class>
					<class>org.acm.seguin.parser.ast.ASTDoStatement</class>
					<class>org.acm.seguin.parser.ast.ASTBooleanLiteral</class>
					<class>org.acm.seguin.parser.ast.ASTPreIncrementExpression</class>
					<class>org.acm.seguin.parser.ast.ASTThrowStatement</class>
					<class>org.acm.seguin.parser.ast.ASTLiteral</class>
					<class>org.acm.seguin.parser.ast.ASTExplicitConstructorInvocation</class>
					<class>org.acm.seguin.parser.ast.ASTMethodDeclarator</class>
					<class>org.acm.seguin.parser.ast.ASTAndExpression</class>
					<class>org.acm.seguin.parser.ast.ASTLocalVariableDeclaration</class>
					<class>org.acm.seguin.parser.ast.ASTUnaryExpressionNotPlusMinus</class>
					<class>org.acm.seguin.parser.ast.ASTPrimaryExpression</class>
					<class>org.acm.seguin.parser.ast.ASTClassBodyDeclaration</class>
					<class>org.acm.seguin.parser.ast.ASTMethodDeclarationLookahead</class>
					<class>org.acm.seguin.parser.ast.ASTName</class>
					<class>org.acm.seguin.parser.ast.ASTNestedClassDeclaration</class>
					<class>org.acm.seguin.parser.ast.ASTPrimarySuffix</class>
					<class>org.acm.seguin.parser.factory.ParserFactory</class>
					<class>org.acm.seguin.parser.build.BuildExpression</class>
					<class>org.acm.seguin.parser.query.CompareParseTreeVisitor</class>
					<class>org.acm.seguin.parser.query.PackageNameGetter</class>
					<class>org.acm.seguin.parser.ChildrenVisitor</class>
					<class>org.acm.seguin.refactor.AddImportTransform</class>
					<class>org.acm.seguin.refactor.TransformAST</class>
					<class>org.acm.seguin.refactor.RemoveImportTransform</class>
					<class>org.acm.seguin.refactor.field.FieldRefactoring</class>
					<class>org.acm.seguin.refactor.field.RenameFieldVisitor</class>
					<class>org.acm.seguin.refactor.field.AddFieldVisitor</class>
					<class>org.acm.seguin.refactor.field.PushUpFieldRefactoring</class>
					<class>org.acm.seguin.refactor.field.AddFieldTransform</class>
					<class>org.acm.seguin.refactor.field.RenameFieldTransform</class>
					<class>org.acm.seguin.refactor.field.RemoveFieldVisitor</class>
					<class>org.acm.seguin.refactor.field.RemoveFieldTransform</class>
					<class>org.acm.seguin.refactor.method.ChangeMethodScopeTransform</class>
					<class>org.acm.seguin.refactor.method.MoveMethodVisitor</class>
					<class>org.acm.seguin.refactor.method.AddConstructor</class>
					<class>org.acm.seguin.refactor.method.AddMethodTransform</class>
					<class>org.acm.seguin.refactor.method.InvokeMovedMethodTransform</class>
					<class>org.acm.seguin.refactor.method.IdentifyMethodVisitor</class>
					<class>org.acm.seguin.refactor.method.EMParameterFinder</class>
					<class>org.acm.seguin.refactor.method.RemoveMethodVisitor</class>
					<class>org.acm.seguin.refactor.method.AddNewMethod</class>
					<class>org.acm.seguin.refactor.method.FindLocalVariableDeclVisitor</class>
					<class>org.acm.seguin.refactor.method.RenameParameterVisitor</class>
					<class>org.acm.seguin.refactor.method.MoveMethodRefactoring</class>
					<class>org.acm.seguin.refactor.method.InheretenceMethodRefactoring</class>
					<class>org.acm.seguin.refactor.method.ExtractMethodRefactoring</class>
					<class>org.acm.seguin.refactor.method.EMBuilder</class>
					<class>org.acm.seguin.refactor.method.AddMethodVisitor</class>
					<class>org.acm.seguin.refactor.method.EMDigger</class>
					<class>org.acm.seguin.refactor.method.RemoveMethodTransform</class>
					<class>org.acm.seguin.refactor.method.RenameParameterTransform</class>
					<class>org.acm.seguin.refactor.type.RenameTypeTransform</class>
					<class>org.acm.seguin.refactor.type.RenameTypeVisitor</class>
					<class>org.acm.seguin.refactor.type.ChangePackageTransform</class>
					<class>org.acm.seguin.refactor.type.RenameParentTypeTransform</class>
					<class>org.acm.seguin.refactor.type.CreateNewInterface</class>
					<class>org.acm.seguin.refactor.type.AddImplementedInterfaceVisitor</class>
					<class>org.acm.seguin.refactor.type.AddImplementedInterfaceTransform</class>
					<class>org.acm.seguin.refactor.type.RenameParentVisitor</class>
					<class>org.acm.seguin.refactor.type.RemoveSamePackageTransform</class>
					<class>org.acm.seguin.refactor.type.CreateClass</class>
					<class>org.acm.seguin.pretty.FieldSizeLookAhead</class>
					<class>org.acm.seguin.pretty.PrettyPrintFile</class>
					<class>org.acm.seguin.pretty.LocalVariableLookAhead</class>
					<class>org.acm.seguin.pretty.ai.MethodAnalyzer</class>
					<class>org.acm.seguin.pretty.SpecialTokenVisitor</class>
					<class>org.acm.seguin.pretty.sort.TopLevelOrdering</class>
					<class>org.acm.seguin.pretty.sort.StaticOrder</class>
					<class>org.acm.seguin.pretty.sort.TypeOrder</class>
					<class>org.acm.seguin.pretty.sort.SetterGetterOrder</class>
					<class>org.acm.seguin.pretty.sort.ProtectionOrder</class>
					<class>org.acm.seguin.pretty.sort.FieldInitializerOrder</class>
					<class>org.acm.seguin.pretty.PrettyPrintVisitor</class>
					<class>org.acm.seguin.tools.international.StringListVisitor</class>
					<class>org.acm.seguin.tools.international.StringListTraversal</class>
					<class>org.acm.seguin.tools.stub.StubPrintVisitor</class>
					<class>LineNumberTool</class>
				</role>
				<role name="concreteelement">
					<class>org.acm.seguin.parser.JavaParser</class>
				</role>
			</roles>
		</candidate>
		<candidate>
			<isPattern>false</isPattern>
			<roles>
				<role name="element">
					<class>org.acm.seguin.summary.Summary</class>
				</role>
				<role name="visitor">
					<class>org.acm.seguin.summary.query.GetTypeSummary</class>
				</role>
				<role name="concretevisitor">
					<class>org.acm.seguin.summary.MessageSendSummary</class>
					<class>org.acm.seguin.summary.FieldAccessSummary</class>
					<class>org.acm.seguin.summary.query.ContainsStatic</class>
					<class>org.acm.seguin.summary.query.MethodQuery</class>
					<class>org.acm.seguin.summary.query.SameMethod</class>
					<class>org.acm.seguin.summary.query.LookupVariable</class>
					<class>org.acm.seguin.summary.query.Ancestor</class>
					<class>org.acm.seguin.summary.query.FieldQuery</class>
					<class>org.acm.seguin.summary.query.ChildClassSearcher</class>
					<class>org.acm.seguin.uml.UMLField</class>
					<class>org.acm.seguin.uml.PackageLoader</class>
					<class>org.acm.seguin.refactor.field.PushDownFieldRefactoring</class>
					<class>org.acm.seguin.refactor.field.FieldRefactoring</class>
					<class>org.acm.seguin.refactor.field.RenameFieldVisitor</class>
					<class>org.acm.seguin.refactor.field.PushUpFieldRefactoring</class>
					<class>org.acm.seguin.refactor.field.RemoveFieldFromSubclassVisitor</class>
					<class>org.acm.seguin.refactor.method.AddMethodTypeVisitor</class>
					<class>org.acm.seguin.refactor.method.PushUpAbstractMethodRefactoring</class>
					<class>org.acm.seguin.refactor.method.PushDownMethodRefactoring</class>
					<class>org.acm.seguin.refactor.method.MoveMethodRefactoring</class>
					<class>org.acm.seguin.refactor.method.PushUpMethodRefactoring</class>
					<class>org.acm.seguin.refactor.type.AddAbstractParent</class>
					<class>org.acm.seguin.refactor.type.RenameTypeTransform</class>
					<class>org.acm.seguin.refactor.type.RemoveClassVisitor</class>
					<class>org.acm.seguin.refactor.type.RenameClassRefactoring</class>
					<class>org.acm.seguin.refactor.type.AddClassRefactoring</class>
					<class>org.acm.seguin.refactor.type.ExtractInterfaceRefactoring</class>
					<class>org.acm.seguin.refactor.type.RenameClassVisitor</class>
					<class>org.acm.seguin.refactor.type.AddChildRefactoring</class>
					<class>org.acm.seguin.refactor.type.AbstractMethodFinder</class>
					<class>org.acm.seguin.refactor.type.RemoveEmptyClassRefactoring</class>
					<class>org.acm.seguin.refactor.type.CreateClass</class>
				</role>
				<role name="concreteelement">
					<class>org.acm.seguin.summary.TypeDeclSummary</class>
				</role>
			</roles>
		</candidate>
		<candidate>
			<isPattern>false</isPattern>
			<roles>
				<role name="element">
					<class>org.acm.seguin.io.Saveable</class>
				</role>
				<role name="visitor">
					<class>org.acm.seguin.ide.common.ClassListPanel</class>
				</role>
				<role name="concretevisitor">
					<class>org.acm.seguin.ide.common.DividedSummaryPanel</class>
				</role>
				<role name="concreteelement">
					<class>org.acm.seguin.uml.UMLPackage</class>
				</role>
			</roles>
		</candidate>
		<candidate>
			<isPattern>false</isPattern>
			<roles>
				<role name="element">
					<class>org.acm.seguin.uml.line.EndPointPanel</class>
				</role>
				<role name="visitor">
					<class>org.acm.seguin.uml.UMLType</class>
				</role>
				<role name="concretevisitor">
					<class>org.acm.seguin.uml.UMLPackage</class>
					<class>org.acm.seguin.uml.TypeMetricsListener</class>
					<class>org.acm.seguin.uml.ConvertAdapter</class>
					<class>org.acm.seguin.uml.UMLPopupMenu</class>
					<class>org.acm.seguin.uml.UMLMouseAdapter</class>
					<class>org.acm.seguin.uml.PackageLoader</class>
					<class>org.acm.seguin.uml.SelectedSummaryList</class>
					<class>org.acm.seguin.uml.line.SegmentedLine</class>
				</role>
				<role name="concreteelement">
					<class>org.acm.seguin.uml.UMLLine</class>
				</role>
			</roles>
		</candidate>
		<candidate>
			<isPattern>false</isPattern>
			<roles>
				<role name="element">
					<class>org.acm.seguin.pretty.PrintSpecial</class>
				</role>
				<role name="visitor">
					<class>org.acm.seguin.pretty.SpecialTokenVisitor</class>
				</role>
				<role name="concretevisitor">
					<class>org.acm.seguin.pretty.PrettyPrintVisitor</class>
				</role>
				<role name="concreteelement">
					<class>org.acm.seguin.pretty.PrintSpecialMultiLineComment</class>
				</role>
			</roles>
		</candidate>
		<candidate>
			<isPattern>false</isPattern>
			<roles>
				<role name="element">
					<class>org.acm.seguin.io.Saveable</class>
				</role>
				<role name="visitor">
					<class>org.acm.seguin.uml.UMLType</class>
				</role>
				<role name="concretevisitor">
					<class>org.acm.seguin.uml.UMLLine</class>
					<class>org.acm.seguin.uml.TypeMetricsListener</class>
					<class>org.acm.seguin.uml.ConvertAdapter</class>
					<class>org.acm.seguin.uml.UMLPopupMenu</class>
					<class>org.acm.seguin.uml.UMLMouseAdapter</class>
					<class>org.acm.seguin.uml.PackageLoader</class>
					<class>org.acm.seguin.uml.SelectedSummaryList</class>
					<class>org.acm.seguin.uml.line.SegmentedLine</class>
				</role>
				<role name="concreteelement">
					<class>org.acm.seguin.uml.UMLPackage</class>
				</role>
			</roles>
		</candidate>
		<candidate>
			<isPattern>false</isPattern>
			<roles>
				<role name="element">
					<class>net.sourceforge.pmd.ast.JavaParserTreeConstants</class>
				</role>
				<role name="visitor">
					<class>net.sourceforge.pmd.ast.SimpleNode</class>
				</role>
				<role name="concretevisitor">
					<class>net.sourceforge.pmd.rules.XPathRule</class>
					<class>net.sourceforge.pmd.rules.IdempotentOperationsRule</class>
					<class>net.sourceforge.pmd.rules.SymbolTableTestRule</class>
					<class>net.sourceforge.pmd.rules.design.ExcessiveNodeCountRule</class>
					<class>net.sourceforge.pmd.rules.design.ExcessiveLengthRule</class>
					<class>net.sourceforge.pmd.rules.design.NullAssignmentRule</class>
					<class>net.sourceforge.pmd.rules.design.PositionalIteratorRule</class>
					<class>net.sourceforge.pmd.rules.design.OnlyOneReturnRule</class>
					<class>net.sourceforge.pmd.rules.AvoidDuplicateLiteralsRule</class>
					<class>net.sourceforge.pmd.rules.DuplicateImportsRule</class>
					<class>net.sourceforge.pmd.rules.UnusedPrivateMethodRule</class>
					<class>net.sourceforge.pmd.rules.ConstructorCallsOverridableMethodRule</class>
					<class>net.sourceforge.pmd.rules.CouplingBetweenObjectsRule</class>
					<class>net.sourceforge.pmd.rules.SimplifyBooleanReturnsRule</class>
					<class>net.sourceforge.pmd.rules.CyclomaticComplexityRule</class>
					<class>net.sourceforge.pmd.rules.UnnecessaryConversionTemporaryRule</class>
					<class>net.sourceforge.pmd.rules.StringToStringRule</class>
					<class>net.sourceforge.pmd.symboltable.NameOccurrences</class>
					<class>net.sourceforge.pmd.symboltable.MethodScopeEvaluator</class>
					<class>net.sourceforge.pmd.symboltable.BasicScopeCreationVisitor</class>
					<class>net.sourceforge.pmd.symboltable.MethodNameDeclaration</class>
					<class>net.sourceforge.pmd.symboltable.NameOccurrence</class>
					<class>net.sourceforge.pmd.symboltable.AbstractScopeEvaluator</class>
					<class>net.sourceforge.pmd.symboltable.ScopeFactory</class>
					<class>net.sourceforge.pmd.symboltable.ClassScopeEvaluator</class>
					<class>net.sourceforge.pmd.symboltable.LocalScopeEvaluator</class>
					<class>net.sourceforge.pmd.symboltable.VariableNameDeclaration</class>
					<class>net.sourceforge.pmd.symboltable.ScopeEvaluator</class>
					<class>net.sourceforge.pmd.symboltable.GlobalScopeEvaluator</class>
					<class>net.sourceforge.pmd.symboltable.BasicScopeFactory</class>
					<class>net.sourceforge.pmd.symboltable.AbstractNameDeclaration</class>
					<class>net.sourceforge.pmd.ast.DiscardableNodeCleaner</class>
					<class>net.sourceforge.pmd.ast.ASTPostfixExpression</class>
					<class>net.sourceforge.pmd.ast.ASTClassBody</class>
					<class>net.sourceforge.pmd.ast.ASTTryStatement</class>
					<class>net.sourceforge.pmd.ast.ASTStatementExpression</class>
					<class>net.sourceforge.pmd.ast.ASTContinueStatement</class>
					<class>net.sourceforge.pmd.ast.ASTArrayDimsAndInits</class>
					<class>net.sourceforge.pmd.ast.JavaParserVisitor</class>
					<class>net.sourceforge.pmd.ast.ASTVariableDeclarator</class>
					<class>net.sourceforge.pmd.ast.ASTTypeDeclaration</class>
					<class>net.sourceforge.pmd.ast.ASTBlockStatement</class>
					<class>net.sourceforge.pmd.ast.ASTSwitchStatement</class>
					<class>net.sourceforge.pmd.ast.ASTIfStatement</class>
					<class>net.sourceforge.pmd.ast.ASTArgumentList</class>
					<class>net.sourceforge.pmd.ast.ASTForInit</class>
					<class>net.sourceforge.pmd.ast.ASTRelationalExpression</class>
					<class>net.sourceforge.pmd.ast.ASTArguments</class>
					<class>net.sourceforge.pmd.ast.ASTInterfaceMemberDeclaration</class>
					<class>net.sourceforge.pmd.ast.ASTExclusiveOrExpression</class>
					<class>net.sourceforge.pmd.ast.ASTNullLiteral</class>
					<class>net.sourceforge.pmd.ast.ASTPreDecrementExpression</class>
					<class>net.sourceforge.pmd.ast.ASTSynchronizedStatement</class>
					<class>net.sourceforge.pmd.ast.ASTConditionalOrExpression</class>
					<class>net.sourceforge.pmd.ast.ASTEqualityExpression</class>
					<class>net.sourceforge.pmd.ast.ASTPrimaryPrefix</class>
					<class>net.sourceforge.pmd.ast.ASTBlock</class>
					<class>net.sourceforge.pmd.ast.ASTAssertStatement</class>
					<class>net.sourceforge.pmd.ast.ASTResultType</class>
					<class>net.sourceforge.pmd.ast.ASTPrimitiveType</class>
					<class>net.sourceforge.pmd.ast.ASTSwitchLabel</class>
					<class>net.sourceforge.pmd.ast.ASTAdditiveExpression</class>
					<class>net.sourceforge.pmd.ast.ASTUnmodifiedInterfaceDeclaration</class>
					<class>net.sourceforge.pmd.ast.ASTVariableInitializer</class>
					<class>net.sourceforge.pmd.ast.ASTForUpdate</class>
					<class>net.sourceforge.pmd.ast.ASTUnmodifiedClassDeclaration</class>
					<class>net.sourceforge.pmd.ast.ASTWhileStatement</class>
					<class>net.sourceforge.pmd.ast.ASTArrayInitializer</class>
					<class>net.sourceforge.pmd.ast.ASTAssignmentOperator</class>
					<class>net.sourceforge.pmd.ast.ASTShiftExpression</class>
					<class>net.sourceforge.pmd.ast.AccessNode</class>
					<class>net.sourceforge.pmd.ast.ASTInitializer</class>
					<class>net.sourceforge.pmd.ast.ASTBreakStatement</class>
					<class>net.sourceforge.pmd.ast.ASTType</class>
					<class>net.sourceforge.pmd.ast.ASTCompilationUnit</class>
					<class>net.sourceforge.pmd.ast.ASTNameList</class>
					<class>net.sourceforge.pmd.ast.ASTEnumElement</class>
					<class>net.sourceforge.pmd.ast.ASTEmptyStatement</class>
					<class>net.sourceforge.pmd.ast.ASTCastExpression</class>
					<class>net.sourceforge.pmd.ast.ASTReturnStatement</class>
					<class>net.sourceforge.pmd.ast.ASTPackageDeclaration</class>
					<class>net.sourceforge.pmd.ast.ASTCastLookahead</class>
					<class>net.sourceforge.pmd.ast.ASTStatement</class>
					<class>net.sourceforge.pmd.ast.ASTFormalParameters</class>
					<class>net.sourceforge.pmd.ast.ASTInclusiveOrExpression</class>
					<class>net.sourceforge.pmd.ast.ASTConditionalExpression</class>
					<class>net.sourceforge.pmd.ast.ASTMultiplicativeExpression</class>
					<class>net.sourceforge.pmd.ast.ASTLabeledStatement</class>
					<class>net.sourceforge.pmd.ast.ASTAllocationExpression</class>
					<class>net.sourceforge.pmd.ast.ASTInstanceOfExpression</class>
					<class>net.sourceforge.pmd.ast.ASTStatementExpressionList</class>
					<class>net.sourceforge.pmd.ast.ASTExpression</class>
					<class>net.sourceforge.pmd.ast.ASTConditionalAndExpression</class>
					<class>net.sourceforge.pmd.ast.ASTImportDeclaration</class>
					<class>net.sourceforge.pmd.ast.ASTVariableDeclaratorId</class>
					<class>net.sourceforge.pmd.ast.ASTUnaryExpression</class>
					<class>net.sourceforge.pmd.ast.ASTForStatement</class>
					<class>net.sourceforge.pmd.ast.JavaParserVisitorAdapter</class>
					<class>net.sourceforge.pmd.ast.ASTDoStatement</class>
					<class>net.sourceforge.pmd.ast.ASTBooleanLiteral</class>
					<class>net.sourceforge.pmd.ast.ASTPreIncrementExpression</class>
					<class>net.sourceforge.pmd.ast.ASTThrowStatement</class>
					<class>net.sourceforge.pmd.ast.ASTLiteral</class>
					<class>net.sourceforge.pmd.ast.ASTExplicitConstructorInvocation</class>
					<class>net.sourceforge.pmd.ast.ASTMethodDeclarator</class>
					<class>net.sourceforge.pmd.ast.ASTAndExpression</class>
					<class>net.sourceforge.pmd.ast.ASTUnaryExpressionNotPlusMinus</class>
					<class>net.sourceforge.pmd.ast.ASTPrimaryExpression</class>
					<class>net.sourceforge.pmd.ast.ASTClassBodyDeclaration</class>
					<class>net.sourceforge.pmd.ast.ASTMethodDeclarationLookahead</class>
					<class>net.sourceforge.pmd.ast.ASTName</class>
					<class>net.sourceforge.pmd.ast.ASTPrimarySuffix</class>
					<class>net.sourceforge.pmd.util.viewer.model.ASTModel</class>
					<class>net.sourceforge.pmd.util.viewer.model.ViewerModel</class>
					<class>net.sourceforge.pmd.util.viewer.model.SimpleNodeTreeNodeAdapter</class>
					<class>net.sourceforge.pmd.util.viewer.gui.menu.SimpleNodeSubMenu</class>
					<class>net.sourceforge.pmd.util.viewer.gui.menu.AttributesSubMenu</class>
					<class>net.sourceforge.pmd.util.viewer.gui.menu.ASTNodePopupMenu</class>
				</role>
				<role name="concreteelement">
					<class>net.sourceforge.pmd.ast.JavaParser</class>
				</role>
			</roles>
		</candidate>
		<candidate>
			<isPattern>false</isPattern>
			<roles>
				<role name="element">
					<class>net.sourceforge.pmd.ast.JavaParserConstants</class>
				</role>
				<role name="visitor">
					<class>net.sourceforge.pmd.ast.SimpleNode</class>
				</role>
				<role name="concretevisitor">
					<class>net.sourceforge.pmd.rules.XPathRule</class>
					<class>net.sourceforge.pmd.rules.IdempotentOperationsRule</class>
					<class>net.sourceforge.pmd.rules.SymbolTableTestRule</class>
					<class>net.sourceforge.pmd.rules.design.ExcessiveNodeCountRule</class>
					<class>net.sourceforge.pmd.rules.design.ExcessiveLengthRule</class>
					<class>net.sourceforge.pmd.rules.design.NullAssignmentRule</class>
					<class>net.sourceforge.pmd.rules.design.PositionalIteratorRule</class>
					<class>net.sourceforge.pmd.rules.design.OnlyOneReturnRule</class>
					<class>net.sourceforge.pmd.rules.AvoidDuplicateLiteralsRule</class>
					<class>net.sourceforge.pmd.rules.DuplicateImportsRule</class>
					<class>net.sourceforge.pmd.rules.UnusedPrivateMethodRule</class>
					<class>net.sourceforge.pmd.rules.ConstructorCallsOverridableMethodRule</class>
					<class>net.sourceforge.pmd.rules.CouplingBetweenObjectsRule</class>
					<class>net.sourceforge.pmd.rules.SimplifyBooleanReturnsRule</class>
					<class>net.sourceforge.pmd.rules.CyclomaticComplexityRule</class>
					<class>net.sourceforge.pmd.rules.UnnecessaryConversionTemporaryRule</class>
					<class>net.sourceforge.pmd.rules.StringToStringRule</class>
					<class>net.sourceforge.pmd.symboltable.NameOccurrences</class>
					<class>net.sourceforge.pmd.symboltable.MethodScopeEvaluator</class>
					<class>net.sourceforge.pmd.symboltable.BasicScopeCreationVisitor</class>
					<class>net.sourceforge.pmd.symboltable.MethodNameDeclaration</class>
					<class>net.sourceforge.pmd.symboltable.NameOccurrence</class>
					<class>net.sourceforge.pmd.symboltable.AbstractScopeEvaluator</class>
					<class>net.sourceforge.pmd.symboltable.ScopeFactory</class>
					<class>net.sourceforge.pmd.symboltable.ClassScopeEvaluator</class>
					<class>net.sourceforge.pmd.symboltable.LocalScopeEvaluator</class>
					<class>net.sourceforge.pmd.symboltable.VariableNameDeclaration</class>
					<class>net.sourceforge.pmd.symboltable.ScopeEvaluator</class>
					<class>net.sourceforge.pmd.symboltable.GlobalScopeEvaluator</class>
					<class>net.sourceforge.pmd.symboltable.BasicScopeFactory</class>
					<class>net.sourceforge.pmd.symboltable.AbstractNameDeclaration</class>
					<class>net.sourceforge.pmd.ast.DiscardableNodeCleaner</class>
					<class>net.sourceforge.pmd.ast.ASTPostfixExpression</class>
					<class>net.sourceforge.pmd.ast.ASTClassBody</class>
					<class>net.sourceforge.pmd.ast.ASTTryStatement</class>
					<class>net.sourceforge.pmd.ast.ASTStatementExpression</class>
					<class>net.sourceforge.pmd.ast.ASTContinueStatement</class>
					<class>net.sourceforge.pmd.ast.ASTArrayDimsAndInits</class>
					<class>net.sourceforge.pmd.ast.JavaParserVisitor</class>
					<class>net.sourceforge.pmd.ast.ASTVariableDeclarator</class>
					<class>net.sourceforge.pmd.ast.ASTTypeDeclaration</class>
					<class>net.sourceforge.pmd.ast.ASTBlockStatement</class>
					<class>net.sourceforge.pmd.ast.ASTSwitchStatement</class>
					<class>net.sourceforge.pmd.ast.ASTIfStatement</class>
					<class>net.sourceforge.pmd.ast.ASTArgumentList</class>
					<class>net.sourceforge.pmd.ast.ASTForInit</class>
					<class>net.sourceforge.pmd.ast.ASTRelationalExpression</class>
					<class>net.sourceforge.pmd.ast.ASTArguments</class>
					<class>net.sourceforge.pmd.ast.ASTInterfaceMemberDeclaration</class>
					<class>net.sourceforge.pmd.ast.ASTExclusiveOrExpression</class>
					<class>net.sourceforge.pmd.ast.ASTNullLiteral</class>
					<class>net.sourceforge.pmd.ast.ASTPreDecrementExpression</class>
					<class>net.sourceforge.pmd.ast.ASTSynchronizedStatement</class>
					<class>net.sourceforge.pmd.ast.ASTConditionalOrExpression</class>
					<class>net.sourceforge.pmd.ast.ASTEqualityExpression</class>
					<class>net.sourceforge.pmd.ast.ASTPrimaryPrefix</class>
					<class>net.sourceforge.pmd.ast.ASTBlock</class>
					<class>net.sourceforge.pmd.ast.ASTAssertStatement</class>
					<class>net.sourceforge.pmd.ast.ASTResultType</class>
					<class>net.sourceforge.pmd.ast.ASTPrimitiveType</class>
					<class>net.sourceforge.pmd.ast.ASTSwitchLabel</class>
					<class>net.sourceforge.pmd.ast.ASTAdditiveExpression</class>
					<class>net.sourceforge.pmd.ast.ASTUnmodifiedInterfaceDeclaration</class>
					<class>net.sourceforge.pmd.ast.ASTVariableInitializer</class>
					<class>net.sourceforge.pmd.ast.ASTForUpdate</class>
					<class>net.sourceforge.pmd.ast.ASTUnmodifiedClassDeclaration</class>
					<class>net.sourceforge.pmd.ast.ASTWhileStatement</class>
					<class>net.sourceforge.pmd.ast.ASTArrayInitializer</class>
					<class>net.sourceforge.pmd.ast.ASTAssignmentOperator</class>
					<class>net.sourceforge.pmd.ast.ASTShiftExpression</class>
					<class>net.sourceforge.pmd.ast.AccessNode</class>
					<class>net.sourceforge.pmd.ast.ASTInitializer</class>
					<class>net.sourceforge.pmd.ast.ASTBreakStatement</class>
					<class>net.sourceforge.pmd.ast.ASTType</class>
					<class>net.sourceforge.pmd.ast.ASTCompilationUnit</class>
					<class>net.sourceforge.pmd.ast.ASTNameList</class>
					<class>net.sourceforge.pmd.ast.ASTEnumElement</class>
					<class>net.sourceforge.pmd.ast.ASTEmptyStatement</class>
					<class>net.sourceforge.pmd.ast.ASTCastExpression</class>
					<class>net.sourceforge.pmd.ast.ASTReturnStatement</class>
					<class>net.sourceforge.pmd.ast.ASTPackageDeclaration</class>
					<class>net.sourceforge.pmd.ast.ASTCastLookahead</class>
					<class>net.sourceforge.pmd.ast.ASTStatement</class>
					<class>net.sourceforge.pmd.ast.ASTFormalParameters</class>
					<class>net.sourceforge.pmd.ast.ASTInclusiveOrExpression</class>
					<class>net.sourceforge.pmd.ast.ASTConditionalExpression</class>
					<class>net.sourceforge.pmd.ast.ASTMultiplicativeExpression</class>
					<class>net.sourceforge.pmd.ast.ASTLabeledStatement</class>
					<class>net.sourceforge.pmd.ast.ASTAllocationExpression</class>
					<class>net.sourceforge.pmd.ast.ASTInstanceOfExpression</class>
					<class>net.sourceforge.pmd.ast.ASTStatementExpressionList</class>
					<class>net.sourceforge.pmd.ast.ASTExpression</class>
					<class>net.sourceforge.pmd.ast.ASTConditionalAndExpression</class>
					<class>net.sourceforge.pmd.ast.ASTImportDeclaration</class>
					<class>net.sourceforge.pmd.ast.ASTVariableDeclaratorId</class>
					<class>net.sourceforge.pmd.ast.ASTUnaryExpression</class>
					<class>net.sourceforge.pmd.ast.ASTForStatement</class>
					<class>net.sourceforge.pmd.ast.JavaParserVisitorAdapter</class>
					<class>net.sourceforge.pmd.ast.ASTDoStatement</class>
					<class>net.sourceforge.pmd.ast.ASTBooleanLiteral</class>
					<class>net.sourceforge.pmd.ast.ASTPreIncrementExpression</class>
					<class>net.sourceforge.pmd.ast.ASTThrowStatement</class>
					<class>net.sourceforge.pmd.ast.ASTLiteral</class>
					<class>net.sourceforge.pmd.ast.ASTExplicitConstructorInvocation</class>
					<class>net.sourceforge.pmd.ast.ASTMethodDeclarator</class>
					<class>net.sourceforge.pmd.ast.ASTAndExpression</class>
					<class>net.sourceforge.pmd.ast.ASTUnaryExpressionNotPlusMinus</class>
					<class>net.sourceforge.pmd.ast.ASTPrimaryExpression</class>
					<class>net.sourceforge.pmd.ast.ASTClassBodyDeclaration</class>
					<class>net.sourceforge.pmd.ast.ASTMethodDeclarationLookahead</class>
					<class>net.sourceforge.pmd.ast.ASTName</class>
					<class>net.sourceforge.pmd.ast.ASTPrimarySuffix</class>
					<class>net.sourceforge.pmd.util.viewer.model.ASTModel</class>
					<class>net.sourceforge.pmd.util.viewer.model.ViewerModel</class>
					<class>net.sourceforge.pmd.util.viewer.model.SimpleNodeTreeNodeAdapter</class>
					<class>net.sourceforge.pmd.util.viewer.gui.menu.SimpleNodeSubMenu</class>
					<class>net.sourceforge.pmd.util.viewer.gui.menu.AttributesSubMenu</class>
					<class>net.sourceforge.pmd.util.viewer.gui.menu.ASTNodePopupMenu</class>
				</role>
				<role name="concreteelement">
					<class>net.sourceforge.pmd.ast.JavaParser</class>
				</role>
			</roles>
		</candidate>
		<candidate>
			<isPattern>false</isPattern>
			<roles>
				<role name="element">
					<class>net.sourceforge.pmd.symboltable.Scope</class>
				</role>
				<role name="visitor">
					<class>net.sourceforge.pmd.symboltable.ClassScope</class>
				</role>
				<role name="concretevisitor">
					<class>net.sourceforge.pmd.symboltable.GlobalScope</class>
					<class>net.sourceforge.pmd.symboltable.ClassScopeEvaluator</class>
					<class>net.sourceforge.pmd.symboltable.DeclarationFinder</class>
				</role>
				<role name="concreteelement">
					<class>net.sourceforge.pmd.symboltable.AbstractScope</class>
				</role>
			</roles>
		</candidate>
	</candidates>
</patternData>
