<patternData>
	<projectPath>repo/DesignPatternExample</projectPath>
	<pattern>Singleton</pattern>
	<roles>
		<role>singleton</role>
	</roles>
	<candidates>
		<candidate>
			<isPattern>true</isPattern>
			<roles>
				<role name="singleton">
					<class>singleton.headfirst.dcl.Singleton</class>
				</role>
			</roles>
		</candidate>
		<candidate>
			<isPattern>true</isPattern>
			<roles>
				<role name="singleton">
					<class>singleton.cselt.Singleton</class>
				</role>
			</roles>
		</candidate>
		<candidate>
			<isPattern>true</isPattern>
			<roles>
				<role name="singleton">
					<class>singleton.fluffycat.SingleSpoon</class>
				</role>
			</roles>
		</candidate>
		<candidate>
			<isPattern>true</isPattern>
			<roles>
				<role name="singleton">
					<class>singleton.kuchana.FileLogger</class>
				</role>
			</roles>
		</candidate>
		<candidate>
			<isPattern>true</isPattern>
			<roles>
				<role name="singleton">
					<class>singleton.headfirst.threadsafe.Singleton</class>
				</role>
			</roles>
		</candidate>
		<candidate>
			<isPattern>true</isPattern>
			<roles>
				<role name="singleton">
					<class>singleton.eckel.Singleton</class>
				</role>
			</roles>
		</candidate>
		<candidate>
			<isPattern>true</isPattern>
			<roles>
				<role name="singleton">
					<class>state.earthlink.toggle.ON</class>
				</role>
			</roles>
		</candidate>
		<candidate>
			<isPattern>true</isPattern>
			<roles>
				<role name="singleton">
					<class>singleton.headfirst.classic.Singleton</class>
				</role>
			</roles>
		</candidate>
		<candidate>
			<isPattern>true</isPattern>
			<roles>
				<role name="singleton">
					<class>singleton.headfirst.stat.Singleton</class>
				</role>
			</roles>
		</candidate>
		<candidate>
			<isPattern>true</isPattern>
			<roles>
				<role name="singleton">
					<class>singleton.javacoffeebreak.SingletonObject</class>
				</role>
			</roles>
		</candidate>
		<candidate>
			<isPattern>true</isPattern>
			<roles>
				<role name="singleton">
					<class>state.earthlink.disc2.OwnedState</class>
				</role>
			</roles>
		</candidate>
		<candidate>
			<isPattern>true</isPattern>
			<roles>
				<role name="singleton">
					<class>state.earthlink.disc2.UnownedState</class>
				</role>
			</roles>
		</candidate>
		<candidate>
			<isPattern>true</isPattern>
			<roles>
				<role name="singleton">
					<class>singleton.headfirst.chocolate.ChocolateBoiler</class>
				</role>
			</roles>
		</candidate>
		<candidate>
			<isPattern>true</isPattern>
			<roles>
				<role name="singleton">
					<class>state.earthlink.toggle.OFF</class>
				</role>
			</roles>
		</candidate>
		<candidate>
			<isPattern>true</isPattern>
			<roles>
				<role name="singleton">
					<class>singleton.javastaff.PrinterSpooler</class>
				</role>
			</roles>
		</candidate>
		<candidate>
			<isPattern>true</isPattern>
			<roles>
				<role name="singleton">
					<class>singleton.sing1.NonlazySingleton</class>
				</role>
			</roles>
		</candidate>
		<candidate>
			<isPattern>true</isPattern>
			<roles>
				<role name="singleton">
					<class>singleton.cooper.s1exception.PrintSpooler</class>
				</role>
			</roles>
		</candidate>
		<candidate>
			<isPattern>true</isPattern>
			<roles>
				<role name="singleton">
					<class>singleton.inria.ASingleton</class>
				</role>
			</roles>
		</candidate>
		<candidate>
			<isPattern>true</isPattern>
			<roles>
				<role name="singleton">
					<class>singleton.cooper.s3staticgetter.iSpooler</class>
				</role>
			</roles>
		</candidate>
	</candidates>
</patternData>
