<patternData>
	<projectPath>repo/JRefactory</projectPath>
	<pattern>Singleton</pattern>
	<roles>
		<role>singleton</role>
	</roles>
	<candidates>
		<candidate>
			<isPattern>true</isPattern>
			<roles>
				<role name="singleton">
					<class>org.acm.seguin.uml.line.LabelSizeComputation</class>
				</role>
			</roles>
		</candidate>
		<candidate>
			<isPattern>true</isPattern>
			<roles>
				<role name="singleton">
					<class>org.acm.seguin.pretty.ai.RequiredTags</class>
				</role>
			</roles>
		</candidate>
		<candidate>
			<isPattern>true</isPattern>
			<roles>
				<role name="singleton">
					<class>org.acm.seguin.ide.jbuilder.UMLNodeViewerFactory</class>
				</role>
			</roles>
		</candidate>
		<candidate>
			<isPattern>true</isPattern>
			<roles>
				<role name="singleton">
					<class>org.acm.seguin.ide.jbuilder.RefactoryNodeViewerFactory</class>
				</role>
			</roles>
		</candidate>
		<candidate>
			<isPattern>true</isPattern>
			<roles>
				<role name="singleton">
					<class>org.acm.seguin.parser.JavaParser</class>
				</role>
			</roles>
		</candidate>
		<candidate>
			<isPattern>true</isPattern>
			<roles>
				<role name="singleton">
					<class>org.acm.seguin.version.VersionControlCache</class>
				</role>
			</roles>
		</candidate>
		<candidate>
			<isPattern>false</isPattern>
			<roles>
				<role name="singleton">
					<class>org.acm.seguin.uml.UMLType</class>
				</role>
			</roles>
		</candidate>
		<candidate>
			<isPattern>false</isPattern>
			<roles>
				<role name="singleton">
					<class>org.acm.seguin.tools.build.JavadocBuilder</class>
				</role>
			</roles>
		</candidate>
		<candidate>
			<isPattern>false</isPattern>
			<roles>
				<role name="singleton">
					<class>org.acm.seguin.tools.build.JarDirectoryBuilder</class>
				</role>
			</roles>
		</candidate>
		<candidate>
			<isPattern>false</isPattern>
			<roles>
				<role name="singleton">
					<class>org.acm.seguin.tools.build.CodeStoreBuilder</class>
				</role>
			</roles>
		</candidate>
	</candidates>
</patternData>
