<patternData>
	<projectPath>repo/Lexi</projectPath>
	<pattern>Singleton</pattern>
	<roles>
		<role>singleton</role>
	</roles>
    <candidates>
		<candidate>
			<isPattern>true</isPattern>
			<roles>
				<role name="singleton">
					<class>com.jmonkey.office.lexi.support.EditorActionManager</class>
				</role>
			</roles>
		</candidate>
		<candidate>
			<isPattern>true</isPattern>
			<roles>
				<role name="singleton">
					<class>com.jmonkey.export.Registry</class>
				</role>
			</roles>
		</candidate>
	</candidates>
</patternData>
