<patternData>
	<projectPath>repo/MapperXML</projectPath>
	<pattern>Singleton</pattern>
	<roles>
		<role>singleton</role>
	</roles>
	<candidates>
		<candidate>
			<isPattern>true</isPattern>
			<roles>
				<role name="singleton">
					<class>com.taursys.tools.CodeGenerator</class>
				</role>
			</roles>
		</candidate>
		<candidate>
			<isPattern>true</isPattern>
			<roles>
				<role name="singleton">
					<class>com.taursys.debug.Debug</class>
				</role>
			</roles>
		</candidate>
		<candidate>
			<isPattern>false</isPattern>
			<roles>
				<role name="singleton">
					<class>com.taursys.util.DataTypes</class>
				</role>
			</roles>
		</candidate>
	</candidates>
</patternData>
