<patternData>
	<projectPath>repo/Nutch</projectPath>
	<pattern>Singleton</pattern>
	<roles>
		<role>singleton</role>
	</roles>
	<candidates>
		<candidate>
			<isPattern>true</isPattern>
			<roles>
				<role name="singleton">
					<class>net.nutch.plugin.PluginRepository</class>
				</role>
			</roles>
		</candidate>
		<candidate>
			<isPattern>true</isPattern>
			<roles>
				<role name="singleton">
					<class>net.nutch.io.NullWritable</class>
				</role>
			</roles>
		</candidate>
		<candidate>
			<isPattern>false</isPattern>
			<roles>
				<role name="singleton">
					<class>net.nutch.io.SequenceFile$Sorter</class>
				</role>
			</roles>
		</candidate>
		<candidate>
			<isPattern>false</isPattern>
			<roles>
				<role name="singleton">
					<class>net.nutch.db.Link</class>
				</role>
			</roles>
		</candidate>
		<candidate>
			<isPattern>false</isPattern>
			<roles>
				<role name="singleton">
					<class>net.nutch.net.protocols.ftp.Ftp</class>
				</role>
			</roles>
		</candidate>
		<candidate>
			<isPattern>false</isPattern>
			<roles>
				<role name="singleton">
					<class>net.nutch.fetcher.OutputThread</class>
				</role>
			</roles>
		</candidate>
		<candidate>
			<isPattern>false</isPattern>
			<roles>
				<role name="singleton">
					<class>net.nutch.fetcher.HostQueue</class>
				</role>
			</roles>
		</candidate>
		<candidate>
			<isPattern>false</isPattern>
			<roles>
				<role name="singleton">
					<class>net.nutch.net.protocols.http.Http</class>
				</role>
			</roles>
		</candidate>
		<candidate>
			<isPattern>false</isPattern>
			<roles>
				<role name="singleton">
					<class>net.nutch.fetcher.RequestScheduler</class>
				</role>
			</roles>
		</candidate>
		<candidate>
			<isPattern>false</isPattern>
			<roles>
				<role name="singleton">
					<class>net.nutch.io.MD5Hash</class>
				</role>
			</roles>
		</candidate>
		<candidate>
			<isPattern>false</isPattern>
			<roles>
				<role name="singleton">
					<class>net.nutch.searcher.Summarizer</class>
				</role>
			</roles>
		</candidate>
		<candidate>
			<isPattern>false</isPattern>
			<roles>
				<role name="singleton">
					<class>net.nutch.db.DistributedWebDBWriter</class>
				</role>
			</roles>
		</candidate>
		<candidate>
			<isPattern>false</isPattern>
			<roles>
				<role name="singleton">
					<class>net.nutch.quality.SearchOptimizer</class>
				</role>
			</roles>
		</candidate>
		<candidate>
			<isPattern>false</isPattern>
			<roles>
				<role name="singleton">
					<class>net.nutch.db.WebDBWriter</class>
				</role>
			</roles>
		</candidate>
	</candidates>
</patternData>
