<patternData>
	<projectPath>repo/PMD</projectPath>
	<pattern>Singleton</pattern>
	<roles>
		<role>singleton</role>
	</roles>
	<candidates>
		<candidate>
			<isPattern>false</isPattern>
			<roles>
				<role name="singleton">
					<class>net.sourceforge.pmd.cpd.TokenEntry</class>
				</role>
			</roles>
		</candidate>
		<candidate>
			<isPattern>true</isPattern>
			<roles>
				<role name="singleton">
					<class>net.sourceforge.pmd.cpd.cppast.CPPParserTokenManager</class>
				</role>
			</roles>
		</candidate>
		<candidate>
			<isPattern>true</isPattern>
			<roles>
				<role name="singleton">
					<class>net.sourceforge.pmd.cpd.cppast.SimpleCharStream</class>
				</role>
			</roles>
		</candidate>
		<candidate>
			<isPattern>true</isPattern>
			<roles>
				<role name="singleton">
					<class>net.sourceforge.pmd.cpd.cppast.CPPParser</class>
				</role>
			</roles>
		</candidate>
	</candidates>
</patternData>
